1 230 10 1
2 220 2 1
2 220 16 34
2 220 237 1
2 220 271 1
2 220 416 1
2 221 3 2
2 221 416 2
2 416 221 2
3 221 2 11
3 221 3 1
3 221 220 1
3 221 256 1
3 221 257 11
3 221 416 4
3 222 4 1
3 222 221 29
3 222 257 1
3 416 2 9
3 416 4 1
3 416 237 1
4 222 3 7
4 222 416 1
4 223 5 2
4 223 258 18
4 223 416 1
4 416 223 1
5 223 4 1
5 223 5 1
5 223 258 1
5 223 259 1
5 223 416 1
5 224 5 1
5 224 223 4
6 224 5 1
6 224 260 1
6 224 416 12
6 225 224 3
7 227 7 1
7 227 262 2
7 416 16 1
7 416 227 1
8 227 262 2
8 227 416 1
8 228 8 3
8 228 9 4
8 228 227 1
8 228 263 1
8 228 416 1
8 262 226 1
8 416 227 1
9 228 8 1
9 228 9 1
9 228 227 1
9 229 9 4
9 229 228 15
9 229 264 3
9 416 9 1
10 230 416 2
10 231 11 1
11 231 10 2
11 231 416 1
11 232 231 1
12 234 233 3
12 234 235 1
12 234 268 2
13 234 12 1
13 234 233 11
13 234 269 1
13 234 416 22
13 235 13 1
13 235 14 25
13 235 234 1
13 235 236 1
13 416 13 1
13 416 218 1
14 235 13 68
14 235 234 3
14 235 269 1
14 235 416 81
14 236 14 3
14 236 15 19
14 236 235 2
14 236 270 40
15 236 14 41
15 236 235 1
15 236 270 11
15 237 16 16
15 237 416 46
16 220 2 11
16 220 237 1
16 220 416 1
16 237 15 44
16 237 236 1
16 237 271 1
16 237 416 4
17 18 17 2
17 18 29 3
17 18 395 6
17 18 396 10
17 38 17 30
17 38 59 19
17 38 60 3
17 38 395 2
17 38 416 12
17 39 18 12
17 39 38 9
17 59 38 1
17 395 17 19
17 395 18 37
17 395 375 19
17 395 396 7
17 395 416 6
17 416 17 2
17 416 38 2
17 416 218 1
17 416 395 3
18 17 38 1
18 17 39 4
18 17 395 1
18 17 416 11
18 29 18 2
18 29 31 1
18 29 396 26
18 29 407 9
18 39 17 19
18 39 18 3
18 39 60 2
18 50 29 8
18 50 39 7
18 50 71 1
18 395 17 70
18 395 18 3
18 395 396 22
18 396 29 46
18 396 375 5
18 396 376 3
19 20 19 2
19 20 21 24
19 20 397 59
19 20 398 3
19 37 36 22
19 37 40 32
19 37 58 2
19 37 414 38
19 40 19 26
19 40 37 158
19 40 41 2
19 40 58 38
19 40 61 15
19 40 62 8
19 41 19 6
19 41 20 339
19 41 21 198
19 41 40 16
19 41 42 2
19 41 62 17
19 41 63 1
19 41 398 14
19 61 58 2
19 61 82 1
19 377 357 1
19 377 397 1
19 397 19 1
19 397 20 3
19 397 377 10
19 397 394 17
19 397 398 3
19 415 19 2
19 415 36 1
19 415 37 311
19 415 58 1
19 415 394 64
19 415 397 194
20 19 20 1
20 19 37 5
20 19 41 50
20 19 397 1
20 19 415 1
20 21 20 2
20 21 22 57
20 21 398 105
20 21 399 231
20 41 19 208
20 41 20 12
20 41 21 8
20 41 40 10
20 41 42 1
20 41 62 58
20 41 63 9
20 41 398 1
20 42 20 1
20 42 21 115
20 42 41 10
20 42 63 2
20 62 41 1
20 397 19 441
20 397 20 2
20 397 377 27
20 397 398 55
20 398 20 7
20 398 21 29
20 398 377 3
20 398 378 43
20 399 22 1
21 20 19 3
21 20 42 16
21 20 397 1
21 20 398 1
21 22 21 3
21 22 23 1
21 22 43 5
21 22 359 1
21 22 399 165
21 22 400 183
21 42 20 221
21 42 21 14
21 42 41 28
21 42 62 6
21 42 63 4
21 42 64 2
21 43 21 8
21 43 22 116
21 43 42 67
21 43 44 1
21 43 64 4
21 378 374 1
21 398 20 479
21 398 21 1
21 398 378 43
21 398 399 10
21 399 21 3
21 399 22 493
21 399 378 4
21 399 379 5
21 399 398 1
21 399 400 13
22 21 42 8
22 21 43 24
22 21 378 1
22 23 22 14
22 23 24 38
22 23 44 2
22 23 400 51
22 23 401 24
22 42 20 1
22 42 41 1
22 43 21 191
22 43 22 17
22 43 42 6
22 43 64 34
22 43 65 1
22 43 86 1
22 44 22 8
22 44 23 84
22 44 24 8
22 44 43 147
22 44 65 21
22 44 401 2
22 359 296 1
22 381 339 1
22 399 21 347
22 399 22 4
22 399 400 295
22 400 21 1
22 400 22 73
22 400 23 646
22 400 379 6
22 400 380 30
22 400 399 1
23 22 23 2
23 22 43 123
23 22 44 155
23 22 399 5
23 22 400 8
23 24 23 4
23 24 25 8
23 24 45 2
23 24 401 29
23 24 402 85
23 43 21 5
23 44 22 32
23 44 23 76
23 44 43 7
23 44 46 1
23 44 65 5
23 44 66 11
23 44 401 4
23 45 23 7
23 45 24 35
23 45 44 44
23 45 46 2
23 45 66 9
23 400 22 147
23 400 23 20
23 400 401 229
23 401 23 13
23 401 24 649
23 401 380 44
23 401 381 59
23 401 400 11
23 401 402 9
24 23 22 60
24 23 43 2
24 23 44 8
24 23 45 12
24 23 400 11
24 23 401 7
24 25 24 2
24 25 46 3
24 25 402 33
24 25 403 21
24 43 21 1
24 44 22 1
24 45 23 22
24 45 24 8
24 45 44 8
24 45 46 1
24 45 66 5
24 45 67 6
24 45 86 1
24 45 88 1
24 46 24 4
24 46 25 27
24 46 45 9
24 46 67 22
24 382 362 1
24 382 402 1
24 401 23 88
24 401 24 11
24 401 381 3
24 401 400 1
24 401 402 22
24 402 24 2
24 402 25 647
24 402 382 5
24 402 401 2
24 402 403 38
24 403 382 2
25 24 23 7
25 24 43 1
25 24 45 3
25 24 46 11
25 24 401 6
25 26 25 2
25 26 27 4
25 26 47 1
25 26 403 14
25 26 404 15
25 46 24 15
25 46 25 10
25 46 45 1
25 46 67 186
25 46 89 1
25 47 25 2
25 47 26 14
25 47 46 15
25 47 68 2
25 402 24 145
25 402 25 14
25 402 382 7
25 402 401 1
25 402 403 28
25 403 25 5
25 403 26 151
25 403 382 84
25 403 383 10
25 403 404 420
25 404 26 1
25 404 383 1
25 404 384 2
25 404 405 4
26 25 26 1
26 25 46 19
26 25 47 11
26 25 402 1
26 27 404 2
26 27 405 4
26 47 25 4
26 47 26 5
26 47 46 4
26 47 68 18
26 48 26 3
26 48 27 10
26 48 47 8
26 403 25 163
26 403 26 3
26 403 46 1
26 403 382 1
26 403 404 30
26 404 26 7
26 404 27 109
26 404 383 6
26 404 384 6
26 404 405 15
27 26 25 3
27 26 47 1
27 26 48 10
27 28 405 9
27 48 26 4
27 48 27 5
27 48 47 2
27 48 69 3
27 49 28 1
27 49 48 7
27 49 70 16
27 404 26 88
27 404 27 1
27 404 405 41
27 405 28 52
27 405 384 7
27 405 385 8
27 405 406 13
28 27 49 16
28 30 28 1
28 30 49 1
28 30 406 10
28 49 27 6
28 49 28 24
28 49 70 48
28 51 49 7
28 405 27 44
28 405 28 1
28 405 406 87
28 406 28 1
28 406 30 1
28 406 385 7
29 18 17 4
29 18 29 1
29 18 39 2
29 18 50 8
29 18 395 2
29 31 407 13
29 31 409 3
29 50 18 30
29 50 29 7
29 50 39 1
29 50 52 1
29 52 31 14
29 52 50 8
29 396 18 131
29 396 29 5
29 396 407 23
29 407 31 53
29 407 32 1
29 407 376 2
29 407 387 1
29 407 409 16
30 28 30 1
30 28 49 1
30 28 51 1
30 49 28 1
30 406 28 9
31 29 18 1
31 29 50 2
31 29 52 12
31 29 396 1
31 32 31 1
31 32 409 10
31 32 410 2
31 52 29 44
31 52 31 2
31 52 50 16
31 52 71 1
31 52 73 2
31 53 32 22
31 53 52 9
31 53 54 1
31 388 410 2
31 407 29 111
31 407 31 1
31 407 409 7
31 409 32 46
31 409 388 5
31 409 407 1
31 409 410 14
31 410 389 2
32 31 52 2
32 31 53 17
32 31 407 1
32 33 410 31
32 33 411 2
32 33 412 1
32 53 31 77
32 53 32 15
32 53 52 30
32 53 74 2
32 53 75 1
32 54 32 2
32 54 33 34
32 54 53 20
32 54 55 1
32 54 75 1
32 409 31 144
32 409 32 1
32 409 410 18
32 410 33 51
32 410 388 4
32 410 389 3
32 410 409 3
32 410 411 1
33 32 53 2
33 32 54 20
33 34 33 1
33 34 411 128
33 34 412 7
33 54 32 154
33 54 33 6
33 54 53 16
33 54 75 2
33 54 76 5
33 55 33 4
33 55 34 55
33 55 54 49
33 55 76 28
33 75 53 1
33 410 32 192
33 410 411 53
33 411 33 64
33 411 34 68
33 411 54 2
33 411 389 19
33 411 390 27
33 411 410 7
33 411 412 3
33 412 35 1
34 33 54 3
34 33 55 59
34 35 34 6
34 35 36 22
34 35 56 2
34 35 412 70
34 35 413 11
34 55 33 226
34 55 34 8
34 55 54 16
34 55 76 4
34 56 34 3
34 56 35 51
34 56 57 1
34 56 77 11
34 411 33 263
34 411 412 150
34 412 34 3
34 412 35 63
34 412 390 6
34 412 391 8
34 412 411 2
34 412 413 9
35 33 54 1
35 34 35 14
35 34 55 116
35 34 56 18
35 34 412 1
35 36 35 27
35 36 37 10
35 36 57 1
35 36 58 6
35 36 413 386
35 36 414 77
35 55 33 5
35 56 34 186
35 56 35 17
35 56 55 7
35 56 77 43
35 56 78 10
35 57 35 10
35 57 36 22
35 57 56 232
35 57 58 25
35 57 77 6
35 57 78 1
35 57 79 7
35 77 55 1
35 77 56 1
35 77 98 3
35 350 370 1
35 412 34 283
35 412 35 7
35 412 390 2
35 412 391 26
35 412 413 19
35 413 35 2
35 413 36 59
35 413 371 1
35 413 391 1
35 413 414 20
36 35 34 77
36 35 36 3
36 35 55 2
36 35 56 15
36 35 57 169
36 35 412 10
36 37 36 118
36 37 394 1
36 37 414 295
36 56 77 1
36 57 35 287
36 57 36 45
36 57 56 18
36 57 58 3
36 57 78 1
36 57 79 4
36 58 36 16
36 58 37 183
36 58 40 19
36 58 57 21
36 58 61 25
36 58 79 12
36 78 56 1
36 413 35 312
36 413 36 25
36 413 392 23
36 413 414 602
36 414 36 57
36 414 37 179
36 414 392 4
36 414 393 6
36 414 415 51
36 415 394 3
36 415 414 1
37 19 37 3
37 19 41 1
37 19 397 1
37 19 415 188
37 36 35 16
37 36 37 7
37 36 57 110
37 36 58 193
37 36 413 55
37 40 19 270
37 40 37 37
37 40 41 3
37 40 58 70
37 40 61 2
37 40 62 1
37 40 415 1
37 57 56 1
37 58 36 222
37 58 37 96
37 58 57 70
37 58 61 10
37 58 79 7
37 78 119 1
37 377 398 1
37 414 36 539
37 414 37 4
37 414 393 1
37 414 413 1
37 414 415 29
37 415 357 1
37 415 394 21
37 415 397 45
37 415 414 1
38 17 18 7
38 17 38 22
38 17 39 12
38 17 59 1
38 17 395 25
38 17 416 6
38 39 17 35
38 39 18 2
38 59 38 64
38 59 60 1
38 59 80 28
38 59 81 10
38 60 38 3
38 60 39 4
38 60 59 18
38 395 17 1
38 395 18 1
38 416 17 1
38 416 38 3
38 416 59 1
38 416 80 1
39 17 18 7
39 17 38 25
39 17 39 4
39 17 395 17
39 18 29 3
39 18 50 14
39 18 395 2
39 18 396 4
39 38 59 6
39 38 60 5
39 50 18 24
39 60 38 50
39 60 39 8
39 60 59 1
39 60 81 2
39 71 39 3
39 71 50 11
39 71 60 6
39 396 29 1
40 19 20 48
40 19 37 1
40 19 40 17
40 19 41 484
40 19 61 1
40 19 377 2
40 19 397 14
40 19 415 59
40 20 399 1
40 37 19 195
40 37 40 1
40 37 58 266
40 41 19 15
40 41 20 3
40 41 21 2
40 41 40 6
40 58 36 114
40 58 37 1
40 58 40 1
40 58 57 22
40 58 61 26
40 58 79 68
40 58 100 6
40 61 40 12
40 61 58 93
40 61 79 2
40 61 82 5
40 61 83 2
40 62 40 1
40 62 41 113
40 62 61 29
40 79 57 1
40 415 394 1
41 19 20 45
41 19 40 232
41 19 41 34
41 19 61 1
41 20 21 248
41 20 41 3
41 20 42 113
41 20 397 5
41 20 398 23
41 21 20 1
41 21 22 52
41 21 43 2
41 21 398 1
41 21 399 152
41 40 19 2
41 40 37 2
41 40 58 1
41 40 61 27
41 40 62 8
41 42 20 100
41 42 21 4
41 42 41 3
41 42 43 2
41 58 120 1
41 61 58 1
41 62 40 42
41 62 41 65
41 62 61 6
41 62 83 30
41 62 84 18
41 62 104 1
41 63 41 1
41 63 42 127
41 63 62 60
41 63 83 3
41 63 84 21
41 83 61 9
41 398 20 1
41 398 21 15
42 20 21 115
42 20 41 230
42 20 42 5
42 20 62 1
42 20 398 7
42 20 415 1
42 21 22 22
42 21 42 3
42 21 43 112
42 21 398 45
42 21 399 63
42 22 23 1
42 22 381 1
42 41 19 5
42 41 20 1
42 41 40 5
42 41 58 1
42 41 61 1
42 41 62 22
42 41 63 28
42 43 21 188
42 43 22 11
42 43 23 2
42 43 42 2
42 62 40 12
42 62 41 1
42 63 21 1
42 63 41 28
42 63 42 102
42 63 62 123
42 63 83 18
42 63 84 15
42 64 42 21
42 64 43 107
42 64 63 77
42 64 85 1
42 64 86 2
42 399 22 1
43 21 22 220
43 21 42 241
43 21 43 28
43 22 23 52
43 22 24 1
43 22 42 1
43 22 43 3
43 22 44 75
43 22 399 9
43 22 400 11
43 23 24 1
43 23 401 1
43 24 25 1
43 42 20 1
43 42 41 2
43 42 43 2
43 42 62 2
43 42 63 3
43 42 64 80
43 44 22 128
43 44 23 36
43 44 24 1
43 44 43 2
43 44 45 16
43 44 66 1
43 64 42 100
43 64 43 14
43 64 63 28
43 64 65 2
43 64 85 25
43 64 86 33
43 65 23 2
43 65 43 30
43 65 44 31
43 65 45 1
43 65 64 49
43 65 66 5
43 65 86 125
43 86 107 1
44 22 23 44
44 22 43 58
44 22 44 16
44 22 399 4
44 22 400 63
44 23 22 3
44 23 24 68
44 23 44 23
44 23 45 79
44 23 400 152
44 23 401 157
44 24 25 2
44 24 45 1
44 24 401 1
44 24 402 9
44 43 44 3
44 43 65 183
44 45 23 57
44 45 24 24
44 45 44 2
44 45 46 3
44 45 66 4
44 46 25 1
44 65 43 69
44 65 44 11
44 65 64 12
44 65 86 22
44 66 44 3
44 66 45 30
44 66 65 48
44 66 87 3
44 86 107 1
44 401 23 1
44 401 24 5
45 23 22 1
45 23 24 29
45 23 44 53
45 23 45 2
45 23 401 15
45 24 25 11
45 24 45 7
45 24 46 61
45 44 65 16
45 44 66 37
45 46 24 18
45 46 25 5
45 46 67 2
45 46 403 1
45 66 44 42
45 66 45 5
45 66 65 4
45 66 87 17
45 66 88 1
45 67 45 11
45 67 46 56
45 67 47 1
45 67 66 11
45 67 88 3
45 86 107 1
46 24 25 28
46 24 45 27
46 24 46 2
46 24 402 2
46 25 26 31
46 25 46 3
46 25 47 30
46 25 402 19
46 25 403 112
46 25 404 1
46 45 66 1
46 45 67 10
46 47 25 6
46 47 26 7
46 47 46 3
46 47 48 4
46 47 68 7
46 66 44 1
46 67 45 24
46 67 46 64
46 67 66 1
46 67 68 7
46 67 88 78
46 67 89 125
46 67 110 1
46 68 26 1
46 68 46 2
46 68 47 14
46 68 67 4
46 89 67 1
46 89 110 1
47 25 26 9
47 25 46 11
47 25 47 2
47 25 403 1
47 26 47 1
47 26 48 19
47 26 403 17
47 26 404 11
47 46 47 2
47 46 67 21
47 46 68 4
47 48 27 5
47 67 45 1
47 68 46 6
47 68 47 46
47 68 48 1
47 68 67 5
47 68 89 2
47 68 90 9
47 69 48 12
47 69 68 20
48 26 47 7
48 27 26 1
48 27 28 2
48 27 48 1
48 27 49 9
48 27 404 1
48 27 405 2
48 47 46 2
48 47 68 1
48 47 69 7
48 49 27 6
48 49 48 1
48 69 47 8
48 69 48 3
48 69 70 1
48 69 90 4
48 69 91 1
48 70 49 1
48 70 69 7
48 70 91 1
49 27 28 9
49 27 48 11
49 27 49 3
49 28 49 4
49 28 51 6
49 28 405 90
49 28 406 6
49 48 70 6
49 51 28 16
49 51 49 1
49 70 48 6
49 70 49 6
49 70 69 17
49 70 91 37
49 70 93 1
49 72 70 10
50 18 29 31
50 18 39 26
50 18 395 1
50 29 31 1
50 29 52 10
50 29 396 7
50 29 407 4
50 39 60 1
50 39 71 7
50 52 29 9
50 52 50 1
50 52 53 8
50 71 39 69
50 71 50 7
50 71 60 4
50 71 92 3
50 73 50 2
50 73 52 9
50 73 71 7
51 28 30 10
51 28 49 13
51 28 405 2
51 28 406 1
51 49 51 1
51 49 70 5
51 49 72 5
52 29 31 13
52 29 50 45
52 29 52 3
52 31 32 2
52 31 52 2
52 31 53 24
52 31 409 6
52 50 52 2
52 50 71 50
52 50 73 8
52 53 31 7
52 53 32 5
52 53 52 2
52 53 54 3
52 71 39 2
52 73 50 45
52 73 52 10
52 73 71 1
52 73 94 1
52 73 95 3
52 74 53 21
52 74 73 10
52 74 95 1
53 31 32 11
53 31 52 68
53 31 53 4
53 32 53 7
53 32 54 30
53 32 409 4
53 32 410 14
53 52 39 1
53 52 50 32
53 52 71 1
53 52 73 1
53 52 74 15
53 54 32 22
53 54 33 3
53 54 55 1
53 74 52 61
53 74 53 1
53 74 73 3
53 74 95 1
53 75 33 1
53 75 53 4
53 75 54 29
53 75 74 17
53 75 96 5
54 32 33 33
54 32 53 137
54 32 54 5
54 33 34 6
54 33 54 5
54 33 55 47
54 33 410 1
54 33 411 14
54 53 31 4
54 53 52 11
54 53 54 1
54 53 74 1
54 53 75 27
54 55 33 110
54 55 34 15
54 75 53 86
54 75 54 3
54 75 74 3
54 75 96 2
54 76 54 5
54 76 55 29
54 76 56 1
54 76 75 31
54 76 77 2
54 76 96 1
54 76 97 31
55 33 34 150
55 33 54 188
55 33 55 13
55 33 75 1
55 33 411 44
55 34 35 36
55 34 56 42
55 34 411 22
55 34 412 4
55 54 32 5
55 54 53 7
55 54 75 5
55 54 76 55
55 56 34 52
55 56 35 3
55 56 55 1
55 76 54 89
55 76 55 8
55 76 75 4
55 76 77 2
55 76 97 37
55 77 55 1
55 77 56 40
55 77 76 1
55 77 78 1
56 34 35 48
56 34 55 177
56 34 56 5
56 34 412 17
56 35 36 31
56 35 56 7
56 35 57 86
56 35 413 3
56 55 33 5
56 55 76 1
56 57 35 356
56 57 36 8
56 57 56 19
56 57 58 8
56 57 78 2
56 57 79 1
56 77 35 3
56 77 55 133
56 77 56 93
56 77 57 5
56 77 75 1
56 77 76 33
56 77 78 4
56 77 97 9
56 77 98 124
56 77 99 26
56 77 119 14
56 78 56 9
56 78 57 38
56 78 77 172
56 78 79 1
56 78 99 3
56 98 97 1
56 98 119 3
57 35 34 3
57 35 36 454
57 35 56 234
57 35 57 13
57 35 77 3
57 35 413 6
57 36 35 7
57 36 37 3
57 36 57 20
57 36 58 36
57 36 78 1
57 36 413 27
57 36 414 6
57 37 40 2
57 42 20 1
57 56 34 1
57 56 35 1
57 56 57 5
57 56 77 172
57 56 78 95
57 56 98 4
57 58 36 239
57 58 37 83
57 58 40 39
57 58 57 91
57 58 79 1
57 77 55 2
57 77 56 4
57 78 56 136
57 78 57 15
57 78 77 57
57 78 100 2
57 79 57 5
57 79 58 15
57 79 61 13
57 79 78 9
57 79 82 9
57 79 100 5
58 36 37 354
58 36 57 269
58 36 58 7
58 36 413 2
58 36 414 29
58 37 19 34
58 37 36 1
58 37 40 343
58 37 58 72
58 37 414 5
58 37 415 1
58 40 19 42
58 40 37 83
58 40 58 132
58 40 79 1
58 57 35 53
58 57 36 10
58 57 56 1
58 57 58 27
58 57 78 95
58 57 79 19
58 61 40 2
58 61 58 13
58 61 79 32
58 61 82 30
58 61 83 9
58 61 100 1
58 79 57 172
58 79 58 7
58 79 61 1
58 79 78 15
58 79 82 20
58 79 100 180
58 82 36 1
58 100 78 2
58 100 99 12
58 100 120 2
59 17 18 1
59 38 17 23
59 38 39 18
59 38 59 21
59 38 60 12
59 38 416 37
59 60 38 70
59 60 39 4
59 80 59 2
59 80 101 11
59 80 102 28
59 80 416 6
59 81 59 1
59 81 60 5
59 81 80 19
60 38 17 36
60 38 39 16
60 38 59 45
60 38 60 6
60 39 17 1
60 39 18 10
60 39 50 1
60 39 71 12
60 39 396 1
60 59 80 10
60 59 81 8
60 71 39 19
60 71 60 1
60 81 59 20
60 81 60 1
60 92 60 1
60 92 71 3
60 92 81 6
61 40 19 219
61 40 37 141
61 40 41 3
61 40 58 4
61 40 61 7
61 40 62 111
61 58 36 64
61 58 37 61
61 58 40 192
61 58 61 16
61 58 79 223
61 58 100 8
61 62 40 5
61 62 41 3
61 62 61 5
61 79 57 47
61 79 78 1
61 79 82 42
61 79 100 4
61 82 61 97
61 82 79 40
61 82 100 162
61 82 103 2
61 82 104 21
61 83 82 2
61 83 103 1
61 83 104 44
61 83 105 1
61 83 126 1
61 100 120 1
62 40 19 3
62 40 37 1
62 40 41 16
62 40 58 1
62 40 61 50
62 40 62 4
62 41 19 58
62 41 20 23
62 41 21 7
62 41 40 1
62 41 42 18
62 41 62 20
62 41 63 158
62 41 398 1
62 61 40 1
62 61 58 13
62 61 82 53
62 61 83 2
62 63 41 75
62 63 42 3
62 63 62 10
62 83 61 146
62 83 62 3
62 83 104 2
62 84 62 4
62 84 63 80
62 84 83 85
62 104 125 1
63 21 43 1
63 41 42 83
63 41 62 26
63 41 63 3
63 41 83 8
63 42 20 6
63 42 21 93
63 42 41 3
63 42 43 20
63 42 63 57
63 42 64 123
63 61 82 1
63 62 40 3
63 62 41 4
63 62 61 31
63 62 63 1
63 62 83 109
63 62 84 67
63 64 42 60
63 64 43 2
63 64 63 2
63 83 61 31
63 84 62 19
63 84 63 4
63 84 64 1
63 84 83 53
63 84 104 5
63 84 105 55
63 84 106 1
63 85 63 7
63 85 64 95
63 85 84 76
63 85 86 1
63 85 106 14
64 42 21 2
64 42 43 175
64 42 63 226
64 42 64 3
64 43 21 35
64 43 22 5
64 43 23 1
64 43 24 1
64 43 42 2
64 43 44 58
64 43 64 13
64 43 65 55
64 63 41 3
64 63 42 1
64 63 62 12
64 63 64 2
64 63 83 8
64 63 84 1
64 63 85 88
64 65 22 1
64 65 23 1
64 65 43 129
64 65 44 39
64 65 64 7
64 65 66 31
64 65 86 2
64 65 87 1
64 85 63 35
64 85 64 34
64 85 84 11
64 85 106 1
64 85 107 7
64 86 64 7
64 86 65 21
64 86 66 2
64 86 85 86
64 86 107 80
65 22 21 1
65 23 24 1
65 23 44 1
65 43 22 5
65 43 44 113
65 43 64 141
65 43 65 4
65 44 22 17
65 44 23 279
65 44 24 3
65 44 43 1
65 44 45 18
65 44 65 2
65 44 66 26
65 45 24 1
65 64 44 1
65 64 65 2
65 64 85 2
65 64 86 69
65 66 44 65
65 66 45 34
65 66 65 6
65 66 87 5
65 86 44 1
65 86 64 33
65 86 65 259
65 86 87 1
65 86 107 163
65 87 65 3
65 87 66 18
65 87 86 60
65 87 88 1
65 87 108 2
65 107 128 1
66 44 23 5
66 44 45 56
66 44 65 59
66 44 66 13
66 45 23 1
66 45 46 1
66 45 67 72
66 65 44 2
66 65 86 10
66 65 87 52
66 67 45 14
66 67 46 3
66 67 66 1
66 87 65 13
66 87 66 23
66 87 86 1
66 87 88 1
66 87 108 5
66 87 109 11
66 88 66 7
66 88 67 31
66 88 87 12
66 88 109 1
66 108 87 1
67 25 402 1
67 45 46 20
67 45 66 37
67 45 67 5
67 46 24 15
67 46 25 168
67 46 47 25
67 46 67 56
67 46 68 31
67 46 89 1
67 47 26 1
67 66 67 1
67 66 87 3
67 66 88 4
67 68 47 3
67 68 67 4
67 68 89 2
67 88 66 12
67 88 67 11
67 88 89 1
67 88 109 14
67 88 110 63
67 88 131 1
67 89 67 1
67 89 68 19
67 89 88 102
67 89 110 27
67 110 109 1
67 110 131 1
68 46 25 2
68 46 47 5
68 46 67 5
68 47 25 1
68 47 26 24
68 47 46 3
68 47 68 20
68 47 69 27
68 48 27 1
68 67 88 14
68 67 89 2
68 69 47 11
68 89 67 2
68 89 68 1
68 89 88 1
68 89 110 3
68 90 68 6
68 90 69 14
68 90 89 19
69 47 26 1
69 47 68 20
69 48 49 4
69 48 69 4
69 48 70 5
69 68 90 12
69 70 48 4
69 70 49 45
69 70 69 3
69 90 68 1
69 90 69 2
69 90 89 40
69 90 111 3
69 91 69 1
69 91 70 3
69 91 90 3
70 48 49 2
70 48 69 8
70 48 70 1
70 49 27 7
70 49 28 77
70 49 51 4
70 49 70 3
70 49 72 1
70 69 70 3
70 69 90 26
70 69 91 2
70 72 49 14
70 72 70 1
70 91 69 7
70 91 70 88
70 91 112 1
70 91 114 11
70 93 70 3
70 93 91 33
70 93 112 1
70 93 114 5
71 39 50 26
71 39 60 64
71 39 71 4
71 50 18 2
71 50 29 9
71 50 52 7
71 50 73 10
71 60 38 3
71 60 92 8
71 73 50 7
71 73 74 1
71 92 60 26
71 92 71 18
71 92 81 6
71 92 113 1
71 92 115 1
71 94 71 1
71 94 73 10
71 94 92 11
71 94 115 1
72 49 28 3
72 49 51 9
72 49 70 3
72 49 72 1
72 51 28 4
72 70 49 1
72 70 72 1
72 70 91 5
72 70 93 11
72 93 72 1
73 50 52 11
73 50 71 44
73 52 29 3
73 52 31 5
73 52 73 5
73 52 74 19
73 71 92 1
73 71 94 11
73 74 52 15
73 74 53 2
73 74 73 1
73 94 71 37
73 94 92 11
73 94 113 1
73 95 74 16
73 95 94 7
73 95 96 1
73 95 116 2
74 52 53 11
74 52 73 62
74 53 32 1
74 53 75 27
74 73 94 1
74 73 95 12
74 75 53 17
74 95 73 60
74 95 74 1
74 95 94 7
74 95 116 3
74 95 117 1
74 96 74 1
74 96 75 34
74 96 95 6
74 96 97 1
74 96 117 2
75 33 411 1
75 53 32 3
75 53 54 26
75 53 74 77
75 53 75 4
75 54 32 1
75 54 33 3
75 54 55 9
75 54 75 2
75 54 76 33
75 74 73 1
75 74 95 2
75 74 96 18
75 76 54 83
75 76 55 3
75 76 77 1
75 96 74 100
75 96 75 16
75 96 95 14
75 97 55 1
75 97 75 3
75 97 76 16
75 97 77 17
75 97 96 40
75 97 98 1
75 97 118 7
76 54 33 10
76 54 55 116
76 54 75 95
76 54 76 6
76 55 33 76
76 55 34 17
76 55 56 5
76 55 77 35
76 56 34 1
76 75 53 1
76 75 54 1
76 75 76 3
76 75 96 20
76 75 97 26
76 77 55 30
76 77 56 7
76 77 76 2
76 77 78 12
76 77 97 1
76 77 98 1
76 77 99 2
76 96 74 1
76 97 75 117
76 97 76 22
76 97 77 2
76 97 96 7
76 97 118 74
76 98 77 10
76 98 119 1
77 35 36 1
77 35 56 2
77 55 34 5
77 55 56 42
77 55 76 121
77 55 77 4
77 56 35 20
77 56 57 75
77 56 77 49
77 56 78 91
77 56 413 1
77 57 35 1
77 57 56 5
77 75 74 1
77 76 54 10
77 76 55 7
77 76 75 24
77 76 97 39
77 76 98 1
77 78 56 371
77 78 57 9
77 78 77 84
77 97 75 18
77 97 76 1
77 97 118 3
77 98 55 1
77 98 76 151
77 98 77 21
77 98 97 1
77 98 99 1
77 98 119 160
77 98 120 10
77 98 140 1
77 99 77 6
77 99 78 119
77 99 98 64
77 99 100 3
77 99 119 11
77 99 120 2
77 119 97 1
77 119 140 22
78 55 33 1
78 56 35 16
78 56 57 303
78 56 77 163
78 56 78 17
78 57 35 1
78 57 36 4
78 57 37 1
78 57 58 56
78 57 78 3
78 57 79 15
78 77 55 11
78 77 56 1
78 77 76 35
78 77 78 38
78 77 97 13
78 77 98 73
78 77 99 144
78 77 119 8
78 79 57 130
78 79 58 1
78 79 78 34
78 79 82 1
78 98 119 1
78 99 77 52
78 99 78 20
78 99 98 12
78 99 120 89
78 100 78 2
78 100 79 10
78 100 99 128
78 100 121 9
78 119 159 1
78 120 98 6
78 120 99 5
78 120 119 48
78 120 140 14
78 120 141 22
79 35 350 1
79 57 36 14
79 57 58 287
79 57 78 108
79 57 79 1
79 58 36 4
79 58 37 2
79 58 40 2
79 58 61 6
79 58 79 50
79 61 40 384
79 61 58 236
79 61 79 65
79 61 82 7
79 61 83 5
79 61 100 1
79 78 56 2
79 78 57 3
79 78 77 5
79 78 99 49
79 78 100 5
79 82 61 3
79 82 79 4
79 82 83 2
79 82 100 37
79 82 103 4
79 82 104 73
79 100 78 187
79 100 79 110
79 100 99 75
79 100 118 1
79 100 120 10
79 100 121 2
80 59 38 26
80 59 60 29
80 59 80 4
80 59 81 2
80 81 59 104
80 101 80 4
80 101 122 4
80 101 123 19
80 101 416 2
80 102 81 6
80 102 101 35
80 102 113 3
80 416 101 2
81 59 38 39
81 59 60 47
81 59 80 7
81 59 81 5
81 60 39 4
81 60 92 6
81 80 101 8
81 80 102 10
81 92 60 17
81 92 71 1
81 92 81 1
81 92 94 1
81 102 80 11
81 102 81 6
81 102 101 2
81 102 134 1
81 113 92 6
81 113 102 9
81 113 115 1
82 36 58 1
82 61 40 6
82 61 58 47
82 61 62 1
82 61 82 25
82 61 83 32
82 79 57 9
82 79 58 26
82 79 61 202
82 79 82 4
82 79 100 147
82 83 61 28
82 83 62 132
82 83 82 26
82 83 104 4
82 100 78 49
82 100 79 11
82 100 82 21
82 100 103 22
82 100 121 189
82 100 160 1
82 103 82 30
82 103 100 78
82 103 124 2
82 104 83 7
82 104 103 6
82 104 125 108
82 104 126 8
83 61 40 23
83 61 58 121
83 61 62 12
83 61 82 173
83 61 83 6
83 62 40 10
83 62 41 70
83 62 61 1
83 62 63 6
83 62 83 1
83 62 84 76
83 82 79 21
83 82 83 2
83 82 104 4
83 84 62 58
83 84 63 5
83 84 83 3
83 103 121 1
83 104 82 14
83 104 83 171
83 104 125 119
83 105 83 41
83 105 84 77
83 105 104 11
83 105 126 52
83 125 103 3
83 125 124 1
84 62 63 82
84 62 83 13
84 63 41 2
84 63 42 3
84 63 64 9
84 63 85 80
84 64 42 1
84 83 61 22
84 83 62 3
84 83 104 102
84 83 105 21
84 83 125 5
84 85 63 94
84 85 64 3
84 85 84 2
84 85 106 1
84 104 83 5
84 105 83 34
84 105 84 37
84 105 106 1
84 105 126 85
84 105 127 1
84 106 84 17
84 106 85 118
84 106 105 47
84 106 126 2
84 106 127 63
84 126 105 1
84 126 125 10
84 126 146 2
84 126 147 2
85 63 42 48
85 63 64 47
85 63 84 87
85 63 85 17
85 64 42 139
85 64 43 44
85 64 44 1
85 64 63 1
85 64 65 73
85 64 85 4
85 64 86 66
85 84 62 3
85 84 83 4
85 84 85 1
85 84 105 2
85 84 106 121
85 86 64 111
85 86 65 54
85 86 85 2
85 86 87 17
85 86 107 25
85 86 108 1
85 106 84 42
85 106 85 44
85 106 105 12
85 106 107 1
85 106 126 3
85 106 127 14
85 106 128 2
85 107 85 4
85 107 86 18
85 107 87 1
85 107 106 112
85 107 128 18
86 44 66 1
86 64 65 109
86 64 85 52
86 64 86 13
86 65 43 11
86 65 44 251
86 65 66 17
86 65 86 130
86 65 87 39
86 66 44 1
86 85 64 1
86 85 86 5
86 85 106 10
86 85 107 64
86 87 65 185
86 87 66 17
86 87 86 9
86 87 88 1
86 107 85 41
86 107 86 7
86 107 106 19
86 107 108 2
86 107 128 233
86 107 129 2
86 108 86 4
86 108 87 26
86 108 107 37
86 108 109 1
86 108 129 10
86 129 150 1
87 65 44 15
87 65 66 66
87 65 86 137
87 65 87 4
87 66 44 8
87 66 67 2
87 66 87 12
87 66 88 56
87 66 108 1
87 86 65 2
87 86 87 1
87 86 107 11
87 86 108 58
87 88 66 5
87 88 87 4
87 106 84 1
87 108 86 9
87 108 87 10
87 108 107 3
87 108 130 4
87 109 87 4
87 109 88 49
87 109 89 1
87 109 108 33
87 109 129 1
87 109 130 1
88 44 23 1
88 46 25 1
88 66 67 20
88 66 87 12
88 66 88 1
88 67 25 1
88 67 45 3
88 67 46 111
88 67 68 8
88 67 88 4
88 67 89 25
88 87 108 2
88 87 109 10
88 89 46 1
88 89 67 95
88 89 68 20
88 89 88 4
88 89 90 2
88 109 87 16
88 109 88 26
88 109 130 2
88 110 88 5
88 110 89 23
88 110 109 144
88 110 130 2
88 131 152 1
89 46 25 1
89 67 46 90
89 67 88 5
89 67 89 2
89 68 46 1
89 68 47 2
89 68 69 4
89 68 90 30
89 69 70 1
89 88 89 1
89 88 109 8
89 88 110 96
89 90 68 13
89 90 69 34
89 90 111 1
89 110 88 27
89 110 89 2
89 110 109 39
89 110 130 3
89 110 131 50
89 110 132 1
89 111 89 2
89 111 90 44
89 111 110 8
89 111 132 1
89 131 130 6
89 131 151 1
90 68 47 8
90 68 69 8
90 68 89 4
90 68 90 1
90 69 47 3
90 69 48 1
90 69 70 57
90 69 90 1
90 69 91 9
90 89 88 1
90 89 90 1
90 89 110 38
90 89 111 8
90 89 131 6
90 91 69 1
90 110 109 1
90 111 89 4
90 111 90 1
90 111 132 2
90 112 90 2
90 112 91 6
90 112 111 3
91 69 70 5
91 69 90 8
91 70 49 42
91 70 91 31
91 70 93 32
91 70 111 1
91 90 91 1
91 90 111 1
91 90 112 2
91 93 70 36
91 112 90 2
91 112 91 3
91 112 133 3
91 112 135 1
91 114 91 1
91 114 93 1
91 114 112 49
91 114 135 1
92 60 71 22
92 60 81 21
92 71 39 3
92 71 50 6
92 71 60 1
92 71 92 7
92 71 94 11
92 81 92 4
92 81 102 8
92 81 113 9
92 94 71 10
92 113 81 11
92 113 92 1
92 113 102 2
92 113 136 1
92 115 92 2
92 115 94 7
92 115 113 8
92 115 136 3
93 70 72 14
93 70 91 29
93 70 93 1
93 72 51 1
93 72 70 1
93 72 93 1
93 91 112 2
93 91 114 29
93 112 90 1
93 114 135 4
94 71 73 10
94 71 92 40
94 73 95 13
94 92 81 10
94 92 113 4
94 92 115 15
94 95 73 6
94 95 94 1
94 113 81 1
94 115 92 7
94 115 113 4
94 116 95 9
94 116 115 4
94 116 137 4
95 73 52 3
95 73 74 17
95 73 94 51
95 74 52 1
95 74 75 1
95 74 95 1
95 74 96 17
95 94 92 5
95 94 115 1
95 94 116 10
95 96 74 6
95 96 75 3
95 96 95 1
95 116 94 10
95 116 95 1
95 116 115 1
95 116 136 1
95 116 137 2
95 117 96 5
95 117 116 10
96 74 53 1
96 74 75 20
96 74 95 84
96 74 96 3
96 75 53 7
96 75 54 1
96 75 76 4
96 75 96 1
96 75 97 45
96 95 73 5
96 95 94 3
96 95 117 10
96 97 75 65
96 97 76 2
96 97 98 1
96 117 95 15
96 117 96 5
96 117 116 2
96 117 138 2
96 118 97 9
96 118 117 38
96 118 139 1
97 55 77 1
97 75 54 8
97 75 76 79
97 75 96 116
97 75 97 5
97 76 54 59
97 76 55 85
97 76 77 22
97 76 98 10
97 77 56 6
97 77 76 1
97 77 78 13
97 77 98 1
97 96 74 3
97 96 95 1
97 96 117 2
97 96 118 41
97 98 99 1
97 98 119 1
97 118 96 8
97 118 97 19
97 118 117 3
97 118 139 81
97 119 98 20
97 119 140 2
98 55 56 1
98 56 78 1
98 76 55 1
98 76 77 26
98 76 97 149
98 77 35 1
98 77 55 1
98 77 56 41
98 77 57 1
98 77 76 5
98 77 78 105
98 77 98 14
98 77 99 24
98 78 77 3
98 97 75 1
98 97 96 1
98 97 119 1
98 99 77 264
98 99 78 16
98 99 98 7
98 119 77 1
98 119 97 23
98 119 98 20
98 119 118 1
98 119 140 198
98 119 141 7
98 120 98 1
98 120 99 7
98 120 119 20
98 120 140 1
98 120 141 31
98 140 118 3
98 140 119 3
98 140 141 1
99 57 37 1
99 77 55 1
99 77 56 35
99 77 78 253
99 77 98 146
99 77 99 3
99 77 119 1
99 78 56 1
99 78 57 1
99 78 79 9
99 78 99 5
99 78 100 146
99 78 120 2
99 98 76 2
99 98 99 3
99 98 119 70
99 98 120 12
99 98 140 5
99 100 61 1
99 100 78 4
99 100 79 200
99 100 99 2
99 100 121 1
99 119 140 11
99 120 98 101
99 120 99 104
99 120 119 64
99 120 140 27
99 120 141 9
99 120 142 1
99 121 100 163
99 121 103 47
99 121 120 13
99 121 142 1
100 61 58 1
100 78 57 1
100 78 79 153
100 78 99 102
100 78 100 3
100 78 120 103
100 79 57 4
100 79 58 1
100 79 61 350
100 79 82 19
100 79 100 19
100 82 79 171
100 82 100 58
100 99 100 18
100 99 120 11
100 99 121 209
100 103 82 5
100 103 100 2
100 103 104 1
100 103 121 245
100 103 124 1
100 120 119 7
100 120 141 3
100 121 99 30
100 121 100 49
100 121 103 7
100 121 120 163
100 121 124 24
100 121 142 3
100 160 157 1
101 80 17 1
101 80 59 20
101 80 81 21
101 80 101 3
101 80 102 1
101 80 416 2
101 102 80 139
101 102 81 6
101 102 101 4
101 102 113 3
101 122 80 1
101 122 101 6
101 122 143 1
101 122 416 1
101 123 102 4
101 123 122 56
102 80 59 44
102 80 81 77
102 80 101 6
102 80 102 3
102 81 60 4
102 81 92 2
102 81 102 4
102 81 113 12
102 101 80 2
102 101 123 36
102 113 81 13
102 113 92 2
102 113 115 2
102 123 101 23
102 123 122 19
102 134 102 4
102 134 113 23
102 134 123 1
102 134 136 2
102 134 155 1
102 134 156 1
103 58 36 1
103 82 61 2
103 82 79 13
103 82 83 106
103 82 100 1
103 82 103 90
103 82 104 23
103 100 78 1
103 100 79 23
103 100 82 188
103 100 121 37
103 104 82 18
103 104 84 1
103 104 103 78
103 121 103 4
103 121 124 293
103 124 103 2
103 124 125 2
103 124 145 63
103 124 146 90
103 125 83 2
103 125 103 7
103 125 104 43
103 125 124 133
103 145 142 7
103 145 162 6
103 145 181 15
104 82 61 14
104 82 79 96
104 82 83 52
104 82 103 16
104 82 104 3
104 83 61 109
104 83 62 7
104 83 84 4
104 83 104 11
104 83 105 137
104 84 63 1
104 100 82 1
104 103 82 9
104 103 100 70
104 103 125 7
104 105 83 1
104 105 104 2
104 125 83 1
104 125 103 108
104 125 104 229
104 125 124 11
104 125 145 3
104 125 146 1
104 126 105 3
104 126 125 17
104 126 127 1
104 126 146 3
104 126 147 110
105 83 61 15
105 83 84 68
105 83 104 110
105 83 105 8
105 84 62 2
105 84 85 7
105 84 105 11
105 84 106 90
105 84 126 6
105 104 105 1
105 104 125 1
105 104 126 11
105 106 84 81
105 106 85 1
105 106 105 26
105 106 127 15
105 126 104 5
105 126 105 143
105 126 106 1
105 126 108 1
105 126 125 57
105 126 146 7
105 126 147 12
105 127 105 1
105 127 106 15
105 127 126 83
105 127 148 54
105 127 149 1
106 84 63 4
106 84 85 74
106 84 105 93
106 84 106 37
106 84 126 11
106 85 63 14
106 85 64 134
106 85 84 4
106 85 86 89
106 85 106 22
106 85 107 52
106 105 83 6
106 105 106 8
106 105 126 18
106 105 127 74
106 107 85 71
106 107 86 9
106 107 106 10
106 107 108 6
106 107 128 10
106 126 125 4
106 126 146 2
106 127 105 21
106 127 106 81
106 127 126 98
106 127 148 43
106 127 149 1
106 128 106 16
106 128 107 22
106 128 108 2
106 128 127 116
106 128 149 1
106 128 150 1
107 64 65 1
107 85 86 100
107 85 106 63
107 85 107 8
107 86 64 8
107 86 65 17
107 86 87 4
107 86 107 3
107 86 108 23
107 87 66 2
107 106 84 1
107 106 85 3
107 106 107 7
107 106 127 26
107 106 128 103
107 108 86 247
107 108 87 16
107 108 107 6
107 108 109 2
107 108 128 1
107 128 106 45
107 128 107 235
107 128 108 1
107 128 127 1
107 128 129 11
107 128 149 46
107 128 150 115
107 128 170 1
107 129 107 7
107 129 108 13
107 129 128 103
107 129 150 34
107 149 128 1
108 65 86 1
108 86 65 95
108 86 87 179
108 86 107 32
108 86 108 1
108 87 65 14
108 87 66 10
108 87 108 2
108 87 109 66
108 107 106 2
108 107 108 1
108 107 128 2
108 107 129 47
108 109 87 5
108 109 88 13
108 109 108 1
108 128 106 1
108 129 87 1
108 129 107 48
108 129 108 17
108 129 128 5
108 129 150 4
108 129 151 1
108 130 88 1
108 130 108 1
108 130 109 10
108 130 110 1
108 130 129 35
108 130 151 1
109 87 88 5
109 87 108 16
109 87 109 10
109 88 46 1
109 88 66 6
109 88 67 21
109 88 89 23
109 88 109 5
109 88 110 33
109 89 90 1
109 108 86 3
109 108 129 7
109 108 130 24
109 110 67 1
109 110 88 171
109 110 89 8
109 110 109 1
109 110 130 1
109 110 131 1
109 129 108 1
109 130 108 37
109 130 109 2
109 130 151 9
109 131 109 4
109 131 110 6
109 131 130 106
109 131 151 6
109 131 152 11
109 152 172 1
110 67 46 3
110 88 44 1
110 88 67 89
110 88 89 101
110 88 109 21
110 88 110 3
110 89 68 1
110 89 90 43
110 89 110 2
110 89 111 53
110 109 110 3
110 109 130 39
110 109 131 149
110 109 152 1
110 111 89 7
110 111 90 1
110 111 110 1
110 111 132 1
110 130 108 4
110 130 129 1
110 131 109 1
110 131 110 5
110 131 130 41
110 131 151 5
110 131 152 1
110 132 110 4
110 132 111 4
110 132 131 10
110 151 171 1
111 89 90 5
111 89 110 11
111 89 111 3
111 90 69 32
111 90 112 12
111 110 111 1
111 110 131 1
111 110 132 7
111 112 90 3
111 112 111 1
111 132 111 1
111 132 131 1
111 133 112 1
112 90 111 6
112 90 112 3
112 91 69 1
112 91 70 1
112 91 112 1
112 91 114 6
112 111 112 4
112 114 91 58
112 133 112 5
112 133 154 1
112 135 114 2
112 135 133 48
113 81 92 16
113 81 102 10
113 92 71 2
113 92 94 1
113 92 113 1
113 92 115 7
113 102 101 1
113 102 134 10
113 115 92 14
113 115 94 3
113 134 102 55
113 134 113 2
113 134 123 4
113 134 155 1
113 134 156 2
113 136 113 6
113 136 115 17
113 136 134 13
114 91 70 18
114 91 93 35
114 91 112 2
114 93 70 1
114 93 72 2
114 112 135 46
114 135 133 10
115 92 71 6
115 92 94 12
115 92 113 11
115 94 116 8
115 113 81 1
115 113 102 1
115 113 136 10
115 116 94 5
115 136 113 74
115 136 115 4
115 136 134 1
115 136 156 3
115 137 116 21
115 155 122 1
116 94 95 6
116 94 115 12
116 95 73 2
116 95 96 1
116 95 117 6
116 115 92 1
116 115 136 2
116 115 137 2
116 117 95 4
116 117 116 1
116 136 113 1
116 137 115 92
116 137 116 12
116 137 136 177
116 138 117 38
116 138 139 9
116 138 158 17
116 138 159 67
116 156 134 1
117 95 74 1
117 95 96 9
117 95 116 14
117 96 74 5
117 96 75 3
117 96 118 7
117 116 138 11
117 118 96 69
117 118 97 2
117 138 116 116
117 138 117 6
117 138 137 15
117 138 139 1
117 139 117 2
117 139 118 17
117 139 138 45
117 139 140 1
117 139 159 1
118 61 40 1
118 96 75 1
118 96 97 65
118 96 117 23
118 96 118 1
118 97 75 16
118 97 76 115
118 97 77 1
118 97 96 1
118 97 118 1
118 97 119 24
118 117 138 2
118 117 139 30
118 119 120 1
118 138 139 2
118 139 117 84
118 139 118 22
118 139 138 28
118 139 159 81
118 140 118 1
118 140 119 40
118 140 139 8
118 159 138 3
119 77 56 2
119 77 78 1
119 97 118 28
119 98 76 6
119 98 77 94
119 98 99 124
119 98 119 13
119 98 120 24
119 99 77 2
119 118 140 1
119 120 98 61
119 120 99 68
119 120 119 3
119 139 138 1
119 140 98 1
119 140 118 141
119 140 119 236
119 140 138 1
119 140 139 121
119 140 141 37
119 140 159 38
119 140 160 14
119 140 161 5
119 141 119 1
119 141 120 95
119 141 140 51
119 141 142 5
119 141 161 35
119 159 138 1
120 98 77 33
120 98 99 147
120 98 119 2
120 98 120 4
120 99 77 107
120 99 78 2
120 99 98 4
120 99 100 104
120 99 120 4
120 99 121 11
120 119 98 1
120 119 120 2
120 119 140 137
120 119 141 24
120 121 99 191
120 140 118 34
120 140 119 3
120 140 160 1
120 140 161 1
120 141 119 155
120 141 120 72
120 141 140 214
120 141 145 1
120 141 161 42
120 142 120 3
120 142 121 26
120 142 124 16
120 142 141 128
120 142 145 51
120 142 162 35
121 78 57 1
121 99 100 60
121 99 120 230
121 99 121 6
121 100 78 1
121 100 103 221
121 100 121 12
121 103 82 62
121 103 100 12
121 103 121 56
121 103 124 2
121 120 141 141
121 120 142 59
121 124 103 199
121 124 121 4
121 124 125 120
121 124 142 2
121 124 145 23
121 124 146 29
121 125 126 1
121 142 120 304
121 142 121 40
121 142 124 1
121 142 141 3
121 142 145 11
121 142 162 1
122 80 38 1
122 80 81 1
122 101 80 1
122 101 102 3
122 101 122 2
122 101 123 1
122 123 101 198
122 123 102 34
122 123 134 1
122 143 122 2
122 143 416 132
122 144 122 15
122 144 123 92
122 144 143 34
122 144 155 36
122 144 164 2
122 155 156 1
122 416 143 1
123 101 80 47
123 101 102 149
123 101 122 2
123 101 123 6
123 102 123 2
123 102 134 33
123 122 143 43
123 122 144 35
123 134 102 3
123 134 113 1
123 134 136 1
123 144 122 185
123 144 123 2
123 144 143 1
123 155 134 71
123 155 156 26
124 103 82 25
124 103 100 3
124 103 104 1
124 103 124 92
124 103 125 130
124 103 145 1
124 121 103 17
124 121 124 5
124 121 142 284
124 125 104 1
124 125 124 132
124 125 146 2
124 142 120 119
124 142 121 3
124 142 124 3
124 142 141 2
124 142 145 12
124 145 103 2
124 145 124 7
124 145 142 144
124 145 146 1
124 145 162 27
124 145 165 1
124 145 181 30
124 146 124 1
124 146 125 71
124 146 126 3
124 146 145 22
124 146 147 53
124 146 166 29
124 146 167 152
125 79 35 1
125 83 105 2
125 103 82 92
125 103 100 62
125 103 104 88
125 103 124 60
125 103 125 39
125 103 145 33
125 104 82 106
125 104 83 93
125 104 100 1
125 104 125 10
125 104 126 122
125 124 145 1
125 124 146 270
125 126 84 2
125 126 104 4
125 126 105 42
125 126 106 8
125 126 125 16
125 126 127 1
125 126 147 5
125 145 162 1
125 145 181 1
125 146 124 8
125 146 125 86
125 146 145 61
125 146 147 5
125 146 166 15
125 146 167 45
125 147 125 1
125 147 126 1
125 147 146 10
125 147 148 1
126 84 85 2
126 84 106 1
126 104 82 30
126 104 105 2
126 104 125 101
126 104 126 3
126 105 83 84
126 105 84 4
126 105 106 87
126 105 126 4
126 105 127 79
126 106 84 11
126 106 105 3
126 106 127 1
126 125 79 1
126 125 103 15
126 125 104 2
126 125 146 104
126 125 147 7
126 127 105 27
126 127 126 1
126 127 148 1
126 127 149 1
126 146 124 2
126 146 125 2
126 146 145 16
126 146 166 1
126 146 167 2
126 147 125 31
126 147 126 275
126 147 146 134
126 147 167 1
126 148 126 4
126 148 127 45
126 148 147 23
126 148 168 92
127 105 83 3
127 105 106 13
127 105 126 89
127 105 127 18
127 106 84 10
127 106 85 53
127 106 105 2
127 106 107 15
127 106 127 25
127 106 128 22
127 126 105 2
127 126 147 189
127 126 148 43
127 128 106 87
127 128 107 20
127 128 127 18
127 128 129 5
127 128 149 4
127 128 150 6
127 148 126 19
127 148 127 181
127 148 149 1
127 148 168 7
127 148 169 2
127 149 127 10
127 149 128 375
127 149 148 173
127 149 150 1
127 149 169 31
127 149 170 1
127 416 127 1
128 106 85 14
128 106 107 72
128 106 127 109
128 106 128 10
128 107 85 30
128 107 86 7
128 107 106 1
128 107 108 8
128 107 128 167
128 107 129 115
128 107 149 1
128 108 65 1
128 108 87 2
128 127 126 2
128 127 128 7
128 127 149 153
128 129 107 192
128 129 108 7
128 129 128 19
128 129 130 1
128 129 151 1
128 149 127 11
128 149 128 47
128 149 148 76
128 149 150 1
128 149 168 1
128 149 169 37
128 149 170 7
128 149 188 1
128 150 108 1
128 150 128 43
128 150 129 296
128 150 130 1
128 150 149 159
128 150 151 1
128 150 170 19
128 169 149 1
128 170 207 1
129 87 108 1
129 107 86 4
129 107 106 1
129 107 108 231
129 107 128 50
129 107 129 4
129 108 86 13
129 108 87 26
129 108 109 2
129 108 129 13
129 108 130 17
129 128 106 2
129 128 129 2
129 128 149 12
129 128 150 84
129 130 108 17
129 130 109 2
129 130 129 6
129 130 131 5
129 130 151 1
129 150 128 61
129 150 129 39
129 150 148 1
129 150 149 38
129 150 169 1
129 150 170 29
129 150 171 2
129 151 109 9
129 151 129 13
129 151 130 153
129 151 131 81
129 151 150 34
129 151 152 1
129 151 171 1
130 88 89 1
130 108 107 1
130 108 109 12
130 108 129 46
130 108 130 3
130 109 87 1
130 109 88 3
130 109 108 2
130 109 110 7
130 109 131 13
130 110 88 1
130 129 107 1
130 129 108 4
130 129 130 1
130 129 150 2
130 129 151 32
130 131 89 6
130 131 109 152
130 131 110 55
130 131 130 9
130 151 129 85
130 151 130 17
130 151 131 2
130 151 150 25
130 151 152 1
130 151 171 6
130 151 172 1
130 152 130 10
130 152 131 5
130 152 151 24
130 152 153 4
130 152 171 1
130 152 172 49
131 89 69 1
131 89 90 4
131 89 111 3
131 109 88 1
131 109 110 189
131 109 130 3
131 110 88 9
131 110 89 94
131 110 109 4
131 110 111 5
131 110 131 1
131 110 132 2
131 130 131 3
131 130 151 123
131 130 152 81
131 132 110 9
131 132 131 1
131 151 129 9
131 151 150 4
131 152 130 2
131 152 131 2
131 152 151 3
131 152 172 13
131 153 132 23
131 153 152 2
132 110 111 3
132 110 131 2
132 110 132 9
132 111 89 1
132 111 90 2
132 111 112 1
132 131 132 2
132 131 152 7
132 131 153 2
132 153 131 1
132 154 132 1
132 154 133 25
132 154 153 2
132 154 173 1
133 112 91 2
133 112 114 3
133 112 133 4
133 135 112 53
133 135 114 11
133 154 153 43
133 154 173 6
134 101 416 1
134 102 59 1
134 102 81 3
134 102 113 14
134 102 123 42
134 113 81 3
134 113 92 1
134 113 115 2
134 113 134 1
134 113 136 22
134 123 80 1
134 123 101 5
134 123 122 1
134 123 155 1
134 136 113 12
134 136 134 2
134 136 138 1
134 138 137 1
134 143 416 1
134 155 123 161
134 155 134 1
134 155 144 17
134 156 136 95
134 156 137 1
134 156 155 13
135 112 114 55
135 114 91 2
135 114 93 4
135 133 154 63
136 113 115 14
136 113 134 68
136 113 136 8
136 115 92 3
136 115 116 1
136 115 137 19
136 134 101 1
136 134 155 1
136 134 156 10
136 137 116 93
136 137 138 52
136 138 117 1
136 156 134 182
136 156 155 54
136 156 175 1
136 157 116 1
136 157 138 1
137 115 116 3
137 115 136 86
137 115 155 1
137 116 94 3
137 116 95 2
137 116 138 120
137 134 123 1
137 134 143 1
137 136 156 236
137 138 139 5
137 138 158 7
137 138 159 38
137 156 155 1
137 157 136 6
137 157 137 2
137 157 156 4
137 158 138 1
137 158 139 1
138 116 117 6
138 116 137 277
138 116 138 1
138 117 95 3
138 117 96 2
138 117 138 21
138 117 139 36
138 136 115 1
138 137 115 1
138 137 136 63
138 137 156 1
138 137 157 1
138 137 158 1
138 139 117 77
138 139 118 3
138 139 138 134
138 139 140 2
138 139 159 2
138 140 119 1
138 158 137 16
138 158 138 28
138 158 157 2
138 158 177 3
138 158 178 2
138 159 138 15
138 159 139 135
138 159 140 6
138 159 158 35
138 159 178 3
139 117 118 74
139 117 138 114
139 117 139 2
139 118 96 6
139 118 97 101
139 118 119 1
139 118 139 2
139 118 140 35
139 119 77 1
139 138 116 122
139 138 117 11
139 138 136 1
139 138 137 37
139 138 139 71
139 138 140 1
139 138 158 2
139 138 159 68
139 140 118 5
139 140 119 89
139 140 141 1
139 159 138 84
139 159 139 24
139 159 140 1
139 159 158 5
139 159 178 49
139 160 139 3
139 160 140 41
139 160 141 28
139 160 159 7
140 98 99 2
140 118 97 1
140 118 119 1
140 118 138 2
140 118 139 177
140 118 140 9
140 118 159 3
140 119 97 5
140 119 98 173
140 119 99 2
140 119 120 93
140 119 140 19
140 119 141 131
140 120 98 1
140 137 134 1
140 138 117 1
140 138 137 1
140 138 139 2
140 139 117 4
140 139 118 1
140 139 138 108
140 139 159 52
140 139 160 3
140 141 119 56
140 141 120 48
140 141 140 3
140 141 142 7
140 141 161 10
140 159 138 71
140 159 139 5
140 160 139 72
140 160 140 5
140 160 159 23
140 160 179 1
140 160 180 3
140 161 140 20
140 161 141 33
140 161 160 47
140 161 162 1
140 161 180 64
141 119 98 38
141 119 120 18
141 119 139 1
141 119 140 222
141 119 141 20
141 120 99 47
141 120 141 1
141 120 142 197
141 140 118 3
141 140 119 15
141 140 137 1
141 140 138 3
141 140 139 41
141 140 141 1
141 140 159 36
141 140 160 69
141 140 161 91
141 142 121 6
141 142 145 13
141 142 162 2
141 145 162 1
141 161 140 4
141 161 141 166
141 161 180 26
141 162 142 206
141 162 145 2
141 162 161 21
141 162 181 52
141 165 185 1
141 180 160 1
142 99 35 1
142 105 127 1
142 120 98 2
142 120 121 187
142 120 141 267
142 120 142 5
142 121 99 42
142 121 103 43
142 121 124 72
142 121 125 1
142 121 142 70
142 124 121 294
142 124 125 1
142 124 142 135
142 124 146 1
142 141 119 2
142 141 140 7
142 141 142 2
142 141 161 1
142 141 162 122
142 145 103 1
142 145 124 1
142 145 125 1
142 145 162 104
142 145 165 83
142 145 166 1
142 145 181 9
142 160 137 1
142 162 141 1
142 162 142 31
143 101 80 2
143 122 80 1
143 122 123 83
143 122 144 108
143 134 138 1
143 144 122 40
143 144 123 5
143 144 155 7
143 164 143 1
143 164 163 26
143 416 122 20
143 416 143 9
144 122 101 2
144 122 123 144
144 122 143 93
144 122 144 32
144 122 416 2
144 123 101 3
144 123 134 1
144 123 155 98
144 143 144 1
144 143 164 31
144 143 416 3
144 155 134 25
144 155 156 21
144 164 144 3
144 174 175 1
145 103 125 18
145 121 78 1
145 124 103 33
145 124 121 4
145 124 125 5
145 124 142 2
145 124 145 13
145 124 146 8
145 125 124 1
145 142 120 11
145 142 121 44
145 142 124 403
145 142 141 3
145 142 145 1
145 142 160 1
145 146 124 109
145 146 125 29
145 146 126 3
145 146 145 51
145 146 147 4
145 146 167 6
145 162 120 1
145 162 145 2
145 162 165 125
145 162 181 31
145 165 145 125
145 165 162 18
145 165 166 2
145 165 181 51
145 165 184 1
145 166 165 147
145 166 185 8
145 181 161 12
145 181 162 8
145 181 180 20
145 181 198 16
146 124 145 137
146 125 103 76
146 125 104 8
146 125 126 60
146 125 146 60
146 125 147 7
146 126 105 2
146 145 103 1
146 145 124 2
146 145 142 56
146 145 162 1
146 145 165 104
146 145 166 2
146 145 181 2
146 147 125 1
146 147 146 69
146 147 148 1
146 165 184 2
146 166 145 185
146 166 146 15
146 166 165 160
146 166 185 3
146 167 146 2
146 167 147 80
146 167 166 3
146 167 186 145
146 167 187 63
147 104 126 1
147 125 103 100
147 125 104 16
147 125 124 1
147 125 126 36
147 125 146 95
147 125 147 1
147 126 104 111
147 126 105 21
147 126 106 2
147 126 125 3
147 126 127 1
147 126 147 29
147 126 148 117
147 127 149 1
147 146 165 1
147 146 166 221
147 146 167 109
147 148 126 31
147 148 127 268
147 148 128 1
147 148 147 5
147 148 149 2
147 148 168 13
147 167 146 3
147 167 147 310
147 168 147 2
147 168 148 37
147 168 187 8
147 168 188 1
148 106 85 1
148 126 125 1
148 126 127 26
148 126 147 95
148 126 148 4
148 127 105 56
148 127 106 27
148 127 126 5
148 127 128 75
148 127 148 28
148 127 149 477
148 128 106 1
148 128 127 1
148 147 125 1
148 147 148 2
148 147 167 1
148 147 168 28
148 149 127 38
148 149 128 4
148 149 148 20
148 149 150 1
148 149 168 3
148 149 169 5
148 165 179 1
148 168 147 107
148 168 148 229
148 168 167 30
148 168 186 1
148 168 187 110
148 168 188 2
148 169 148 47
148 169 149 89
148 169 168 119
148 169 170 1
148 169 187 2
148 169 188 72
148 187 167 4
148 187 186 1
149 127 106 4
149 127 126 1
149 127 128 20
149 127 148 63
149 127 149 9
149 128 106 33
149 128 107 22
149 128 108 1
149 128 127 2
149 128 129 78
149 128 149 17
149 128 150 282
149 128 169 1
149 148 127 1
149 148 149 11
149 148 168 174
149 148 169 148
149 150 108 1
149 150 128 70
149 150 129 7
149 150 149 11
149 150 170 2
149 168 147 1
149 168 148 2
149 168 167 1
149 169 128 1
149 169 148 59
149 169 149 102
149 169 168 3
149 169 170 3
149 169 188 41
149 169 189 2
149 170 149 23
149 170 150 23
149 170 169 120
149 170 171 2
149 170 188 17
149 170 189 11
149 170 190 1
149 188 168 5
149 188 187 11
149 188 205 1
150 107 108 1
150 108 130 1
150 128 127 1
150 128 129 104
150 128 149 118
150 128 150 22
150 128 169 1
150 129 107 29
150 129 108 23
150 129 130 10
150 129 150 10
150 129 151 297
150 148 168 1
150 149 127 4
150 149 128 5
150 149 148 30
150 149 150 7
150 149 168 1
150 149 169 32
150 149 170 104
150 149 188 4
150 151 109 1
150 151 129 25
150 151 130 11
150 151 131 1
150 151 150 4
150 151 152 15
150 151 171 1
150 169 148 3
150 169 149 6
150 170 149 77
150 170 150 41
150 170 169 27
150 170 171 1
150 170 188 16
150 170 189 21
150 170 190 1
150 171 130 1
150 171 150 34
150 171 151 39
150 171 152 19
150 171 170 35
150 171 190 15
150 189 169 1
150 189 206 1
151 109 131 9
151 129 108 6
151 129 130 14
151 129 150 124
151 129 151 10
151 130 108 3
151 130 109 10
151 130 129 1
151 130 131 144
151 130 151 12
151 130 152 27
151 131 89 2
151 131 109 11
151 131 110 32
151 131 130 4
151 150 128 2
151 150 149 2
151 150 151 4
151 150 169 1
151 150 170 7
151 150 171 51
151 150 189 1
151 152 130 46
151 152 131 12
151 152 151 2
151 152 153 2
151 171 130 1
151 171 150 52
151 171 151 6
151 171 169 1
151 171 170 7
151 171 190 1
151 172 151 6
151 172 152 10
151 172 171 14
151 172 191 14
152 110 67 1
152 130 131 163
152 130 151 7
152 130 152 1
152 131 89 1
152 131 109 12
152 131 110 2
152 131 130 1
152 131 132 8
152 131 153 28
152 151 152 2
152 151 171 6
152 151 172 21
152 153 132 9
152 171 151 1
152 172 151 35
152 172 152 13
152 172 171 5
152 172 191 37
152 173 152 1
152 173 153 1
152 173 172 1
153 131 132 1
153 131 152 1
153 132 153 1
153 132 154 34
153 152 172 3
153 154 133 66
153 154 153 1
153 173 152 8
153 173 172 29
153 173 191 11
154 132 154 2
154 133 112 9
154 133 135 81
154 153 131 1
154 153 152 2
154 153 173 52
154 173 152 9
155 122 143 1
155 123 134 3
155 123 144 197
155 134 102 1
155 134 113 1
155 134 136 1
155 134 156 97
155 144 122 27
155 144 143 2
155 144 155 1
155 156 134 12
155 156 136 50
155 156 137 1
155 174 144 1
155 174 155 2
155 174 164 1
155 175 156 5
155 175 157 1
156 134 102 1
156 134 113 2
156 134 136 11
156 134 155 184
156 134 156 1
156 136 137 148
156 136 157 2
156 137 116 1
156 155 123 37
156 155 144 16
156 155 156 2
156 155 174 1
156 155 175 9
156 157 137 1
156 157 156 1
156 157 158 1
156 157 176 1
156 175 155 8
156 175 156 1
156 176 157 1
156 176 194 2
157 116 138 1
157 118 61 1
157 136 156 5
157 137 158 2
157 138 159 2
157 156 134 2
157 156 155 1
157 156 175 4
157 158 137 1
157 158 138 1
157 175 155 1
157 176 156 7
157 176 194 3
157 177 157 1
157 177 158 4
158 137 138 1
158 137 157 15
158 137 158 2
158 138 137 1
158 138 139 5
158 138 158 2
158 138 159 20
158 139 119 1
158 157 176 1
158 159 138 41
158 177 157 16
158 177 158 1
158 177 176 4
158 177 195 3
158 177 196 1
158 178 158 4
158 178 159 8
158 178 177 25
158 178 196 2
159 138 116 42
159 138 117 10
159 138 137 15
159 138 139 116
159 138 158 32
159 138 159 17
159 138 177 1
159 139 117 9
159 139 118 63
159 139 138 5
159 139 140 82
159 139 159 2
159 139 160 63
159 140 119 6
159 140 120 1
159 158 177 6
159 158 178 27
159 160 139 3
159 160 140 12
159 160 159 6
159 160 161 15
159 160 178 1
159 160 179 13
159 178 158 36
159 178 159 71
159 178 160 1
159 178 177 7
159 178 196 22
159 178 197 20
159 178 214 4
159 179 140 2
159 179 160 2
159 179 178 7
160 137 134 1
160 139 140 6
160 139 159 63
160 139 160 7
160 140 118 1
160 140 119 7
160 140 141 31
160 140 160 1
160 140 161 36
160 141 120 20
160 141 142 7
160 142 105 1
160 157 118 1
160 159 139 7
160 159 160 10
160 159 178 54
160 159 179 4
160 161 140 18
160 161 141 1
160 161 160 2
160 161 180 3
160 178 158 1
160 178 159 1
160 179 159 3
160 179 160 28
160 179 197 7
160 180 141 7
160 180 160 11
160 180 161 25
160 180 179 4
160 180 197 1
160 180 198 2
160 197 160 1
160 197 178 4
160 197 179 1
160 197 196 10
160 197 214 4
161 140 119 4
161 140 141 38
161 140 160 29
161 140 161 20
161 141 119 75
161 141 120 1
161 141 140 5
161 141 161 16
161 141 162 161
161 141 180 3
161 160 159 20
161 160 179 1
161 160 180 16
161 162 141 27
161 162 142 6
161 162 181 1
161 180 141 2
161 180 160 33
161 180 161 128
161 180 179 5
161 180 198 1
161 181 161 2
161 181 162 14
161 181 180 3
161 181 199 80
161 197 195 1
161 198 179 12
162 120 78 1
162 141 161 93
162 141 162 6
162 142 120 14
162 142 121 117
162 142 124 1
162 142 145 133
162 145 103 3
162 145 124 15
162 145 142 13
162 145 162 3
162 145 165 2
162 161 181 20
162 165 145 79
162 165 162 3
162 165 166 8
162 165 181 75
162 165 184 13
162 181 145 2
162 181 161 34
162 181 162 118
162 181 180 16
162 181 198 18
163 164 143 41
163 182 163 2
163 182 416 4
163 183 163 6
163 183 164 1
163 183 182 11
163 183 201 7
163 416 143 2
163 416 200 1
164 143 144 44
164 144 122 4
164 144 174 2
164 163 182 4
164 163 183 23
164 174 144 1
164 174 164 2
164 183 182 1
164 192 183 1
165 145 142 30
165 145 146 57
165 145 166 170
165 162 142 1
165 162 145 2
165 162 165 2
165 162 181 111
165 166 165 12
165 179 196 1
165 181 184 98
165 181 199 30
165 184 165 37
165 184 181 83
165 184 185 1
165 184 199 111
165 184 202 6
165 185 165 1
165 185 166 93
165 185 184 70
165 185 186 31
165 185 204 3
166 145 103 1
166 145 124 14
166 145 142 158
166 145 146 148
166 145 162 1
166 145 165 39
166 146 125 1
166 146 145 1
166 146 166 102
166 146 167 7
166 165 166 1
166 165 184 160
166 165 185 142
166 167 146 36
166 167 147 158
166 167 166 121
166 167 186 12
166 167 187 2
166 168 149 1
166 185 166 29
166 185 186 1
166 185 204 18
166 186 166 2
166 186 167 65
166 186 185 32
166 186 204 8
166 186 205 3
167 146 147 1
167 146 166 39
167 146 167 1
167 147 125 189
167 147 127 1
167 147 146 95
167 147 148 208
167 147 167 35
167 147 168 14
167 166 145 92
167 166 146 1
167 166 165 12
167 166 167 2
167 166 185 1
167 166 186 1
167 168 147 2
167 168 167 1
167 186 166 83
167 186 167 172
167 186 187 1
167 186 204 100
167 186 205 5
167 187 148 1
167 187 167 46
167 187 168 50
167 187 186 4
167 187 204 4
167 187 205 176
167 204 185 6
167 204 203 12
167 204 241 9
168 147 125 14
168 147 146 2
168 147 148 90
168 147 167 249
168 147 168 2
168 148 106 1
168 148 126 56
168 148 127 70
168 148 149 3
168 148 168 61
168 148 169 185
168 148 187 2
168 149 128 1
168 167 186 64
168 167 187 7
168 169 148 41
168 169 168 8
168 169 188 3
168 186 166 2
168 187 148 1
168 187 167 115
168 187 168 125
168 187 186 9
168 187 188 3
168 187 204 5
168 187 205 10
168 187 206 1
168 188 149 1
168 188 168 5
168 188 169 77
168 188 187 20
168 188 189 2
169 148 149 53
169 148 168 118
169 148 169 14
169 148 187 6
169 149 127 18
169 149 128 8
169 149 148 23
169 149 150 4
169 149 169 22
169 149 170 106
169 149 188 3
169 168 147 1
169 168 148 1
169 168 169 3
169 168 187 10
169 168 188 118
169 170 128 1
169 170 149 59
169 170 150 18
169 170 169 10
169 170 171 3
169 170 188 1
169 170 189 3
169 187 167 2
169 188 149 2
169 188 168 59
169 188 169 95
169 188 187 45
169 188 189 4
169 188 205 12
169 188 206 14
169 189 150 1
169 189 169 18
169 189 170 80
169 189 171 3
169 189 188 88
169 189 190 2
169 189 206 14
169 189 207 8
169 206 187 2
169 206 188 4
169 206 205 1
170 128 107 1
170 149 127 2
170 149 150 77
170 149 169 91
170 149 170 13
170 149 188 14
170 150 107 1
170 150 128 21
170 150 129 16
170 150 149 4
170 150 151 16
170 150 170 15
170 150 171 45
170 150 189 1
170 169 148 2
170 169 168 1
170 169 170 5
170 169 188 78
170 169 189 87
170 171 150 24
170 171 152 1
170 171 170 10
170 171 190 1
170 188 168 14
170 188 169 4
170 188 187 13
170 188 205 4
170 189 169 56
170 189 170 65
170 189 171 1
170 189 188 16
170 189 206 5
170 189 207 15
170 190 170 29
170 190 171 62
170 190 189 17
170 190 207 3
170 190 208 2
170 207 188 2
170 207 189 2
170 207 206 1
170 207 244 3
171 130 152 2
171 150 129 2
171 150 149 1
171 150 151 20
171 150 169 1
171 150 170 96
171 150 171 25
171 150 189 1
171 151 129 7
171 151 130 22
171 151 131 2
171 151 152 40
171 151 171 5
171 151 172 5
171 152 130 12
171 152 131 7
171 152 151 1
171 152 172 1
171 169 188 1
171 170 149 2
171 170 169 1
171 170 171 2
171 170 189 24
171 170 190 24
171 170 207 1
171 172 151 14
171 172 152 26
171 172 171 1
171 172 191 2
171 190 170 28
171 190 171 19
171 190 208 91
171 191 171 3
171 191 172 20
171 208 189 9
172 151 152 14
172 151 171 40
172 151 172 15
172 152 110 1
172 152 130 71
172 152 131 23
172 152 153 1
172 152 172 6
172 152 173 2
172 171 151 1
172 171 170 1
172 171 172 2
172 171 190 19
172 173 152 1
172 173 153 85
172 173 172 1
172 191 171 67
172 191 172 4
172 191 190 3
173 152 153 2
173 152 172 20
173 153 132 1
173 153 154 79
173 153 173 1
173 172 191 35
173 191 171 4
173 191 190 6
174 144 164 1
174 144 174 1
174 155 123 1
174 155 174 1
174 164 144 2
174 164 174 1
174 164 192 1
174 175 156 1
174 175 174 1
175 155 156 9
175 155 174 2
175 156 157 3
175 156 175 2
175 156 176 2
175 157 176 1
175 174 164 1
175 193 174 1
176 156 157 1
176 156 175 5
176 156 176 1
176 157 156 1
176 157 175 1
176 157 177 2
176 177 157 2
176 177 176 1
176 177 178 1
176 194 175 1
176 194 176 3
176 194 212 4
176 195 194 1
177 157 158 1
177 157 176 12
177 157 177 2
177 158 137 2
177 158 138 2
177 158 159 9
177 158 178 1
177 160 142 1
177 176 156 1
177 176 175 1
177 176 177 2
177 176 194 1
177 178 158 28
177 178 159 3
177 178 177 1
177 195 176 2
177 195 213 6
177 196 177 10
177 196 178 2
177 196 195 16
177 196 214 2
178 158 138 1
178 158 159 30
178 158 177 27
178 158 178 10
178 159 138 9
178 159 139 15
178 159 158 1
178 159 160 12
178 159 178 62
178 159 179 5
178 160 159 1
178 177 195 1
178 177 196 26
178 179 159 2
178 196 177 10
178 196 178 1
178 196 195 2
178 196 214 3
178 196 215 7
178 197 160 1
178 197 179 1
178 197 180 3
178 197 196 20
178 197 214 3
178 214 195 4
179 140 161 2
179 159 178 6
179 160 159 7
179 160 161 1
179 160 180 23
179 178 196 1
179 178 197 5
179 180 161 2
179 180 179 2
179 180 198 3
179 196 177 1
179 197 115 1
179 197 178 4
179 197 196 75
179 197 214 64
179 198 180 73
179 198 181 22
180 141 161 1
180 141 162 11
180 160 159 2
180 160 161 1
180 160 179 16
180 160 180 1
180 160 197 30
180 161 140 47
180 161 141 56
180 161 162 2
180 161 181 80
180 179 159 1
180 179 180 6
180 179 197 17
180 181 145 8
180 181 162 20
180 197 178 1
180 198 179 91
180 198 180 7
180 199 180 1
180 199 181 5
180 199 184 5
180 199 202 26
180 199 217 8
181 145 103 4
181 145 124 6
181 145 142 5
181 145 162 5
181 161 141 2
181 161 162 32
181 161 180 88
181 161 181 1
181 161 197 1
181 161 198 13
181 162 141 70
181 162 142 9
181 162 145 34
181 162 165 81
181 165 145 33
181 165 162 53
181 165 166 1
181 165 181 9
181 180 179 14
181 180 198 25
181 180 199 1
181 184 165 60
181 184 185 1
181 184 199 59
181 184 202 28
181 198 179 35
181 199 180 18
181 199 181 161
181 199 184 1
181 199 202 3
182 163 164 3
182 163 183 4
182 163 416 2
182 183 163 13
182 183 164 2
182 200 416 34
182 201 182 3
182 201 183 10
182 201 200 1
182 201 210 1
182 201 211 1
182 201 239 36
182 201 246 10
183 163 164 38
183 163 182 4
183 164 143 2
183 164 192 1
183 182 201 12
183 192 164 4
183 192 174 2
183 201 182 10
183 201 183 9
183 201 200 2
183 201 239 5
183 210 192 2
183 210 201 2
184 165 145 4
184 165 162 25
184 165 185 69
184 166 168 1
184 181 165 87
184 181 184 1
184 181 199 54
184 185 165 81
184 185 166 5
184 185 184 3
184 199 180 29
184 199 181 8
184 199 184 7
184 199 202 64
184 199 217 33
184 202 184 33
184 202 199 36
184 202 240 3
184 203 184 7
184 203 185 148
184 203 202 41
184 203 204 5
184 203 241 4
185 165 184 87
185 166 145 19
185 166 146 30
185 166 165 1
185 166 167 174
185 166 185 24
185 166 186 106
185 184 185 4
185 184 203 57
185 186 166 2
185 186 185 38
185 186 204 1
185 202 216 1
185 203 184 50
185 203 185 27
185 203 241 5
185 203 242 2
185 204 167 20
185 204 185 2
185 204 186 36
185 204 187 4
185 204 203 18
185 204 205 15
185 204 241 6
185 204 242 4
185 204 243 17
185 241 202 3
185 242 243 1
186 147 148 1
186 166 145 26
186 166 146 51
186 166 165 6
186 166 167 113
186 166 185 12
186 167 147 34
186 167 166 1
186 167 168 1
186 167 186 34
186 167 187 169
186 167 204 4
186 185 204 64
186 187 148 1
186 187 167 4
186 187 168 8
186 187 186 8
186 187 188 7
186 187 204 1
186 187 205 7
186 187 206 1
186 203 185 1
186 204 185 24
186 204 186 36
186 204 203 28
186 204 205 8
186 204 241 33
186 204 242 1
186 204 243 5
186 205 186 3
186 205 187 10
186 205 204 20
186 205 206 1
186 205 243 17
187 147 148 1
187 148 168 1
187 148 169 2
187 167 168 2
187 167 186 102
187 167 187 18
187 167 204 43
187 168 147 115
187 168 148 66
187 168 167 17
187 168 169 3
187 168 187 6
187 168 188 9
187 169 170 1
187 186 166 7
187 186 204 19
187 186 205 8
187 188 168 47
187 188 169 66
187 188 187 18
187 188 206 1
187 204 185 3
187 204 203 1
187 204 241 2
187 205 186 52
187 205 187 196
187 205 204 12
187 205 206 1
187 205 243 13
187 206 187 3
187 206 188 38
187 206 205 12
187 206 243 3
187 206 244 59
188 149 169 1
188 149 170 3
188 168 169 46
188 168 187 162
188 168 188 3
188 169 148 25
188 169 168 2
188 169 170 50
188 169 188 15
188 169 189 160
188 169 206 2
188 187 167 1
188 187 186 1
188 187 188 12
188 187 205 99
188 187 206 16
188 189 150 1
188 189 169 29
188 189 170 57
188 189 188 7
188 189 190 1
188 205 186 15
188 205 187 1
188 205 204 1
188 206 187 29
188 206 188 46
188 206 205 8
188 206 243 3
188 206 244 3
188 207 188 6
188 207 189 31
188 207 206 15
188 207 244 2
188 207 245 1
188 244 206 1
189 150 170 1
189 150 171 1
189 169 148 1
189 169 149 1
189 169 170 35
189 169 188 54
189 169 189 21
189 169 206 12
189 170 149 8
189 170 150 32
189 170 169 2
189 170 171 13
189 170 189 34
189 170 190 107
189 170 207 4
189 171 150 1
189 171 170 1
189 188 168 1
189 188 189 8
189 188 206 38
189 188 207 64
189 190 170 3
189 190 189 4
189 191 172 1
189 206 187 6
189 206 188 7
189 206 205 7
189 206 242 1
189 206 244 2
189 207 188 22
189 207 189 11
189 207 206 10
189 207 244 6
189 207 245 95
189 208 171 11
189 208 189 5
189 208 190 26
189 208 191 103
189 245 206 1
190 170 171 16
190 170 189 55
190 170 190 5
190 170 207 1
190 171 150 6
190 171 151 22
190 171 152 1
190 171 170 1
190 171 172 43
190 171 190 12
190 171 191 15
190 171 208 1
190 189 188 1
190 189 207 15
190 189 208 1
190 191 171 1
190 191 172 12
190 191 209 1
190 207 188 1
190 208 189 101
190 208 191 1
191 171 172 1
191 171 190 80
191 171 191 2
191 171 208 8
191 172 151 5
191 172 152 33
191 172 173 99
191 173 153 1
191 190 208 7
191 209 171 1
192 164 174 2
192 164 183 2
192 174 155 1
192 174 175 1
192 183 210 1
192 201 182 1
192 201 210 1
192 210 183 14
192 210 201 9
192 210 211 1
192 211 192 1
192 211 193 2
193 174 175 1
193 195 197 1
193 211 192 11
193 211 201 1
193 211 210 22
193 211 246 1
193 212 194 23
193 212 211 1
193 212 213 19
194 175 193 1
194 176 157 1
194 176 194 4
194 176 195 1
194 195 176 1
194 212 193 24
194 212 194 6
194 212 211 17
194 212 249 1
194 213 195 30
194 213 212 1
194 213 214 8
195 158 159 1
195 176 177 2
195 176 194 2
195 177 157 1
195 177 158 6
195 177 176 2
195 177 196 2
195 194 213 1
195 196 177 28
195 196 178 3
195 197 181 1
195 213 194 45
195 213 195 42
195 213 212 26
195 213 249 15
195 214 178 1
195 214 195 16
195 214 196 55
195 214 197 8
195 214 213 9
196 177 158 1
196 177 160 1
196 177 178 28
196 177 195 9
196 177 196 6
196 178 158 4
196 178 159 8
196 195 213 11
196 195 214 4
196 197 160 1
196 197 178 4
196 197 179 81
196 197 180 6
196 197 196 1
196 214 195 73
196 214 196 4
196 214 213 4
196 215 196 1
196 215 197 3
196 215 214 25
197 115 416 1
197 160 180 6
197 178 159 9
197 178 179 2
197 178 196 3
197 178 197 1
197 179 159 1
197 179 180 3
197 179 198 94
197 180 141 3
197 180 161 8
197 181 162 1
197 195 213 1
197 196 214 79
197 196 215 19
197 214 195 61
197 214 213 4
197 215 196 2
198 179 197 135
198 180 160 1
198 180 161 1
198 180 181 32
198 180 199 51
198 181 145 7
198 181 162 13
198 216 198 3
198 217 199 1
198 217 216 4
198 217 253 1
199 180 198 67
199 181 161 86
199 181 165 14
199 181 184 70
199 181 199 22
199 184 181 38
199 184 199 29
199 202 184 59
199 202 199 3
199 202 203 2
199 202 217 9
199 202 240 38
199 202 241 7
199 217 198 5
199 217 199 15
199 217 216 13
199 217 253 12
200 182 201 49
200 182 239 1
200 201 210 1
200 201 211 2
200 201 239 29
200 201 246 9
200 239 201 1
200 239 416 1
200 416 17 1
200 416 182 1
201 182 183 16
201 182 200 34
201 183 163 20
201 183 210 2
201 200 239 2
201 200 416 11
201 210 183 3
201 210 192 2
201 210 201 10
201 210 211 1
201 210 212 1
201 211 193 2
201 211 212 1
201 239 201 64
201 239 210 1
201 239 246 1
201 239 416 4
201 246 201 1
201 246 210 36
201 246 211 48
202 184 181 8
202 184 185 3
202 184 199 1
202 184 202 8
202 184 203 128
202 199 180 11
202 199 181 10
202 199 184 46
202 199 202 5
202 199 217 4
202 203 184 34
202 203 185 5
202 203 202 6
202 216 196 1
202 217 202 1
202 217 240 10
202 240 202 57
202 240 217 23
202 240 253 2
202 241 202 6
202 241 203 26
202 241 204 9
202 241 242 3
202 241 416 26
203 184 185 77
203 184 202 38
203 184 203 8
203 185 165 3
203 185 166 206
203 185 186 4
203 185 203 7
203 185 204 38
203 185 241 2
203 185 242 1
203 202 199 2
203 202 203 3
203 202 240 1
203 202 241 42
203 204 167 6
203 204 185 26
203 204 186 17
203 204 187 1
203 204 203 7
203 204 241 4
203 241 202 60
203 241 203 9
203 241 416 1
203 242 203 5
203 242 204 16
203 242 241 8
203 242 243 4
203 242 416 4
204 167 186 1
204 167 187 39
204 185 166 1
204 185 186 2
204 185 202 1
204 185 203 63
204 185 204 2
204 185 241 4
204 186 166 27
204 186 167 32
204 186 187 7
204 186 204 11
204 186 205 44
204 187 168 2
204 187 205 4
204 203 184 1
204 203 185 1
204 203 204 1
204 203 241 39
204 203 242 26
204 205 186 27
204 205 187 4
204 205 204 23
204 205 243 3
204 241 202 46
204 241 203 5
204 242 203 25
204 242 204 9
204 242 416 3
204 243 204 1
204 243 205 40
204 243 206 1
204 243 242 10
204 243 244 16
204 243 416 21
205 145 181 1
205 186 166 48
205 186 167 2
205 186 187 29
205 186 204 48
205 186 205 4
205 187 169 1
205 187 186 1
205 187 188 50
205 187 205 3
205 187 206 126
205 204 205 2
205 204 242 1
205 204 243 54
205 206 187 2
205 206 188 36
205 206 205 8
205 206 244 3
205 243 204 32
205 243 205 72
205 243 206 1
205 243 242 1
205 243 244 2
205 243 416 17
205 244 206 13
205 244 243 20
205 244 416 4
206 168 187 1
206 187 188 48
206 187 205 1
206 187 206 2
206 188 168 48
206 188 169 2
206 188 187 4
206 188 189 67
206 188 205 1
206 188 206 9
206 188 207 10
206 205 206 6
206 205 243 25
206 205 244 3
206 207 188 17
206 243 204 4
206 244 205 13
206 244 206 69
206 244 243 86
206 245 189 37
206 245 206 10
206 245 207 89
206 245 208 2
207 188 168 1
207 188 187 1
207 188 189 19
207 188 206 43
207 188 207 2
207 188 244 1
207 189 169 1
207 189 170 1
207 189 190 1
207 189 206 1
207 189 207 13
207 189 208 123
207 206 168 1
207 206 187 1
207 206 207 1
207 206 244 23
207 206 245 7
207 244 205 3
207 244 206 2
207 244 243 3
207 245 206 87
207 245 207 1
208 171 190 3
208 171 191 9
208 189 207 100
208 189 208 1
208 189 245 1
208 190 171 7
208 190 191 19
208 191 171 2
208 191 172 93
208 191 173 1
209 171 190 1
210 183 192 9
210 183 201 21
210 192 211 5
210 201 182 28
210 201 200 10
210 201 210 9
210 201 246 2
210 211 192 2
210 211 193 18
210 211 212 18
210 212 194 1
210 246 210 1
210 247 210 1
210 247 212 1
210 248 213 1
211 163 416 1
211 192 201 2
211 192 210 26
211 193 195 1
211 193 212 42
211 201 182 1
211 210 183 12
211 210 192 1
211 210 201 29
211 210 247 1
211 212 193 1
211 212 194 13
211 212 213 39
211 246 201 1
211 247 210 2
211 248 212 1
211 248 247 1
211 248 249 1
212 193 211 36
212 193 212 1
212 194 176 1
212 194 195 1
212 194 212 2
212 194 213 39
212 211 163 1
212 211 192 14
212 211 210 22
212 211 247 1
212 213 194 1
212 213 195 33
212 213 214 27
212 248 211 4
212 249 195 1
212 249 212 2
212 249 213 3
212 249 250 1
213 194 176 3
213 194 212 45
213 195 158 1
213 195 176 4
213 195 177 12
213 195 196 9
213 195 213 3
213 195 214 77
213 212 193 12
213 212 211 19
213 212 249 1
213 214 195 2
213 214 196 28
213 214 197 5
213 214 213 1
213 249 212 11
213 249 213 5
213 249 248 2
213 249 416 1
213 250 214 5
213 250 249 2
213 250 251 2
214 178 159 1
214 195 196 16
214 195 213 127
214 195 214 5
214 196 177 1
214 196 197 88
214 196 215 3
214 197 160 1
214 197 178 1
214 197 179 9
214 197 180 3
214 213 194 2
214 213 212 6
214 213 249 2
214 213 250 7
214 215 196 9
214 250 213 9
214 251 214 4
214 251 215 17
214 251 216 1
214 251 416 1
215 196 178 5
215 196 197 6
215 196 214 1
215 196 215 1
215 197 215 2
215 214 250 4
215 214 251 10
215 251 214 24
215 251 215 1
215 251 416 1
215 252 216 19
216 196 214 1
216 198 216 1
216 198 217 2
216 217 199 2
216 252 215 30
216 252 251 1
216 253 217 23
216 253 240 1
216 253 252 1
217 198 216 2
217 198 217 4
217 199 180 3
217 199 181 1
217 199 202 20
217 199 217 1
217 216 252 15
217 216 253 1
217 240 184 3
217 240 202 25
217 240 217 2
217 240 253 1
217 253 216 25
217 253 217 2
218 416 218 2
218 416 254 7
220 2 221 6
220 2 416 10
220 16 237 53
220 237 15 1
220 237 271 1
220 255 220 5
220 255 274 2
220 271 291 1
220 416 16 1
220 416 223 1
221 2 220 17
221 2 416 4
221 3 221 13
221 3 222 19
221 3 416 22
221 220 16 1
221 222 3 148
221 222 4 4
221 222 257 5
221 222 416 1
221 256 221 4
221 256 275 11
221 257 221 6
221 257 256 49
221 416 2 1
221 416 3 1
222 3 221 11
222 3 222 1
222 3 416 142
222 4 223 8
222 4 416 1
222 221 257 28
222 223 4 3
222 257 222 20
222 257 276 2
222 257 277 2
222 258 257 20
223 4 222 7
223 4 416 39
223 5 223 4
223 5 224 4
223 222 3 1
223 258 223 1
223 258 257 1
223 258 277 26
223 259 258 11
223 259 278 1
223 277 297 1
224 5 223 2
224 5 224 1
224 5 416 1
224 6 225 3
224 6 416 1
224 223 259 4
224 225 6 22
224 259 223 2
224 259 224 6
224 259 279 1
224 260 259 5
224 416 7 1
225 6 224 14
225 6 416 4
225 224 260 3
225 261 260 1
226 261 225 1
226 261 226 2
226 261 260 56
226 261 280 1
226 262 227 7
226 262 261 16
227 7 416 8
227 8 227 1
227 8 228 6
227 8 262 1
227 228 8 6
227 262 226 3
227 262 261 2
227 263 262 1
228 8 227 2
228 8 416 8
228 9 229 4
228 227 262 1
228 229 9 65
228 263 262 3
228 263 282 13
228 264 228 11
228 264 229 1
228 264 263 2
228 264 283 1
229 9 228 4
229 9 416 68
229 228 263 14
229 228 264 2
229 264 283 3
230 10 231 1
230 416 1 1
231 10 230 2
231 11 232 1
231 232 11 3
231 266 265 1
232 11 231 3
232 11 416 1
232 231 266 1
232 267 233 27
232 267 266 10
233 234 12 11
233 234 13 16
233 234 235 6
233 234 416 2
233 267 232 13
233 267 266 5
233 268 233 1
233 268 234 3
233 268 267 1
234 12 416 12
234 13 234 15
234 13 235 10
234 233 267 16
234 233 268 1
234 235 13 4
234 235 14 9
234 235 234 1
234 235 236 1
234 268 267 1
234 268 287 1
234 269 235 1
234 269 268 4
234 416 234 2
235 13 234 24
235 13 416 50
235 14 235 2
235 14 236 63
235 234 233 1
235 234 268 2
235 234 269 2
235 236 14 1
235 236 15 3
235 236 416 1
235 269 234 1
235 269 268 1
235 269 289 2
235 270 269 1
235 270 290 6
236 14 235 163
236 14 236 1
236 14 416 20
236 15 237 73
236 235 270 4
236 237 15 3
236 237 16 1
236 237 416 2
236 270 236 234
236 270 269 1
236 270 290 51
236 271 270 2
237 15 236 64
237 16 220 16
237 16 237 2
237 220 2 2
237 220 16 3
237 220 416 1
237 236 14 1
237 236 271 1
237 255 271 6
237 271 237 73
237 271 255 1
237 271 274 5
237 271 291 1
237 416 3 1
238 246 249 1
238 416 239 6
239 201 182 3
239 201 210 2
239 201 246 63
239 210 248 1
239 246 239 1
239 416 238 1
239 416 239 4
239 416 246 10
240 184 185 1
240 184 203 3
240 202 184 35
240 202 199 7
240 202 240 6
240 202 241 35
240 217 240 1
240 217 253 26
240 253 416 2
241 202 184 5
241 202 199 22
241 202 203 51
241 202 240 36
241 203 184 4
241 203 185 2
241 203 202 1
241 203 204 23
241 203 242 13
241 204 167 2
241 204 185 1
241 204 186 4
241 204 187 1
241 242 241 11
241 416 241 18
241 416 242 44
242 203 204 44
242 203 241 38
242 204 205 1
242 204 242 8
242 204 243 28
242 241 202 18
242 241 416 17
242 243 204 13
242 243 242 11
242 243 416 1
242 416 241 10
242 416 242 54
242 416 243 69
243 204 186 1
243 204 205 30
243 204 242 28
243 205 186 26
243 205 187 2
243 205 204 2
243 205 206 31
243 205 243 25
243 205 244 37
243 206 244 1
243 242 203 6
243 242 241 1
243 242 416 16
243 244 205 16
243 244 206 61
243 244 243 22
243 244 416 4
243 416 242 88
243 416 243 23
243 416 244 48
244 205 186 6
244 205 206 3
244 205 243 34
244 205 244 1
244 206 187 1
244 206 188 14
244 206 244 24
244 206 245 128
244 206 416 1
244 243 204 8
244 243 205 5
244 243 244 3
244 243 416 113
244 416 243 19
244 416 244 12
245 189 208 37
245 206 207 17
245 206 244 63
245 207 189 90
245 208 191 1
246 201 210 2
246 201 239 1
246 210 211 35
246 210 247 2
246 211 193 17
246 211 212 32
246 239 416 2
246 248 249 1
246 249 250 1
246 416 247 8
247 210 211 2
247 210 246 1
247 212 213 1
247 248 212 3
247 248 249 8
248 211 212 1
248 211 247 1
248 211 248 3
248 212 249 6
248 213 197 1
248 247 248 1
248 249 250 7
248 416 246 1
248 416 247 1
249 195 214 1
249 212 194 1
249 212 213 1
249 212 248 5
249 212 249 2
249 213 195 4
249 213 214 2
249 213 249 1
249 213 250 3
249 248 416 1
249 250 213 1
249 250 214 8
249 250 251 2
249 416 248 1
249 416 250 1
250 213 214 1
250 213 249 9
250 214 251 15
250 249 416 1
250 251 215 3
250 251 252 1
250 416 249 2
251 214 215 9
251 214 250 10
251 214 251 3
251 215 251 1
251 215 252 21
251 216 253 1
251 250 213 1
251 252 216 2
251 416 249 1
251 416 250 1
252 215 251 31
252 216 252 1
252 216 253 19
252 251 250 1
252 253 216 5
252 416 251 1
253 216 252 24
253 216 253 3
253 217 198 1
253 217 199 5
253 217 240 20
253 240 202 1
253 252 253 1
253 416 252 2
254 273 272 1
254 416 218 23
254 416 272 30
255 220 2 2
255 220 16 10
255 220 255 6
255 220 416 18
255 237 220 5
255 237 271 19
255 256 255 2
255 271 274 6
255 274 255 7
255 274 271 150
255 274 291 42
255 274 294 1
255 274 312 1
255 275 255 1
255 275 256 55
255 275 274 3
256 221 2 6
256 221 3 1
256 221 222 1
256 221 257 1
256 255 220 2
256 257 221 176
256 257 222 1
256 257 256 2
256 257 276 3
256 275 255 201
256 275 256 3
256 275 274 1
256 275 295 1
256 275 296 1
256 276 256 7
256 276 257 67
256 276 275 39
256 276 277 1
256 276 296 1
257 221 3 20
257 221 222 154
257 221 256 14
257 221 257 6
257 222 3 2
257 222 257 4
257 222 258 22
257 222 416 11
257 256 257 2
257 256 275 20
257 256 276 46
257 258 222 13
257 258 223 2
257 258 257 4
257 275 256 1
257 276 256 148
257 276 257 6
257 276 258 2
257 276 275 1
257 277 258 20
257 277 276 53
257 277 297 6
257 277 298 1
257 296 276 1
258 222 223 3
258 222 257 12
258 223 4 40
258 223 222 1
258 223 258 1
258 223 259 4
258 223 416 7
258 257 221 1
258 257 276 13
258 257 277 20
258 259 223 6
258 259 258 1
258 277 257 19
258 277 258 15
258 277 276 3
258 277 297 20
258 277 298 3
258 278 258 1
258 278 259 36
258 278 277 7
258 278 298 1
259 223 5 3
259 223 224 2
259 223 259 3
259 224 5 2
259 224 259 4
259 224 260 1
259 224 416 2
259 258 277 2
259 258 278 11
259 260 224 25
259 278 258 23
259 278 259 1
259 278 277 2
259 278 298 1
259 279 259 1
259 279 260 37
259 279 278 5
260 224 6 1
260 224 225 22
260 224 259 2
260 259 279 5
260 261 226 28
260 279 259 51
260 279 260 3
261 225 261 1
261 226 261 2
261 226 262 21
261 260 279 56
261 262 8 3
261 262 226 61
261 262 227 17
261 262 228 2
261 262 261 2
261 280 261 2
261 280 279 2
261 280 300 1
261 281 261 5
261 281 262 3
261 281 280 1
261 281 301 7
262 8 228 3
262 226 261 59
262 226 262 3
262 227 7 7
262 227 8 6
262 227 228 8
262 261 262 2
262 261 281 17
262 263 227 1
262 263 228 1
262 281 261 9
262 281 282 1
262 281 301 2
262 282 228 1
262 282 263 22
262 282 281 1
262 301 280 2
262 301 281 1
262 301 300 2
262 301 322 5
263 227 263 1
263 228 229 37
263 228 263 1
263 228 264 12
263 262 281 3
263 262 282 1
263 264 228 3
263 282 262 14
263 282 263 1
263 283 282 1
263 283 303 5
264 228 229 23
264 228 263 1
264 229 9 3
264 263 283 3
264 283 263 1
264 283 303 3
265 266 231 3
265 286 266 1
266 231 232 3
266 232 11 1
266 265 286 1
266 267 232 29
266 267 233 17
266 286 265 5
266 286 285 16
266 286 307 1
266 287 266 7
266 287 267 4
266 287 286 13
267 232 267 42
267 233 234 35
267 233 268 3
267 266 287 17
267 268 233 6
267 287 266 12
267 287 267 1
267 287 286 12
267 287 308 1
267 288 267 6
267 288 268 13
268 233 234 5
268 233 267 2
268 233 268 1
268 234 235 2
268 234 269 2
268 234 416 1
268 267 266 3
268 267 288 2
268 269 234 8
268 287 286 1
268 288 267 18
268 288 268 2
268 289 268 1
268 289 269 7
268 289 288 2
269 234 13 2
269 234 235 5
269 234 268 1
269 235 13 1
269 235 14 3
269 235 236 1
269 235 270 1
269 268 288 2
269 268 289 3
269 270 235 12
269 289 268 13
269 289 269 1
269 289 288 2
269 289 310 1
269 289 311 1
269 290 270 1
269 290 289 4
269 290 311 2
270 235 13 1
270 235 14 2
270 235 236 2
270 235 269 3
270 235 270 1
270 236 14 151
270 236 15 46
270 236 237 5
270 236 270 134
270 236 271 1
270 236 416 3
270 269 289 1
270 269 290 1
270 271 236 123
270 290 269 4
270 290 270 3
270 290 289 1
270 290 291 11
270 290 311 52
270 291 274 2
270 291 290 1
270 291 294 1
270 291 311 1
270 311 289 1
271 236 15 3
271 236 237 4
271 236 270 110
271 237 15 6
271 237 16 2
271 237 220 1
271 237 255 6
271 237 271 53
271 237 416 48
271 255 237 20
271 255 271 1
271 270 271 1
271 270 291 2
271 274 255 36
271 274 271 3
271 274 291 6
271 291 270 40
271 291 290 46
271 291 311 26
271 291 312 1
272 254 273 1
272 254 416 1
272 273 304 1
272 292 272 44
272 292 313 1
272 292 314 2
272 292 416 21
272 293 273 12
272 293 304 13
272 416 254 64
272 416 292 23
273 272 273 1
273 293 272 45
273 293 273 1
273 304 284 4
273 304 293 1
273 304 306 2
273 304 325 8
274 255 220 6
274 255 237 3
274 255 274 2
274 255 275 61
274 271 237 47
274 271 255 18
274 271 291 151
274 275 255 44
274 275 256 4
274 291 270 15
274 291 290 11
274 291 294 7
274 291 311 7
274 294 291 1
274 294 315 3
274 295 294 3
274 312 290 1
275 255 220 24
275 255 256 2
275 255 274 204
275 255 275 2
275 255 416 1
275 256 221 3
275 256 257 1
275 256 276 64
275 274 271 1
275 274 295 3
275 276 256 207
275 276 257 5
275 276 275 1
275 276 277 2
275 295 275 2
275 296 276 1
275 296 295 35
275 296 317 5
276 256 221 1
276 256 257 184
276 256 275 181
276 257 221 1
276 257 256 1
276 257 258 8
276 257 276 4
276 257 277 73
276 258 223 1
276 258 257 1
276 275 276 4
276 275 296 40
276 277 257 15
276 277 258 5
276 277 276 1
276 296 275 2
276 296 276 1
276 296 295 3
276 297 296 61
276 297 318 5
277 257 258 13
277 257 276 137
277 257 296 1
277 258 222 1
277 258 223 61
277 258 257 4
277 258 259 1
277 258 277 8
277 258 278 39
277 276 256 2
277 276 297 61
277 278 258 8
277 278 259 1
277 278 277 1
277 297 258 1
277 297 276 2
277 297 277 50
277 297 296 1
277 297 318 1
277 297 319 6
277 298 277 1
277 298 278 4
277 298 297 34
277 298 319 5
278 258 259 8
278 258 277 24
278 259 224 1
278 259 279 36
278 277 257 1
278 277 258 1
278 277 297 3
278 277 298 9
278 279 259 26
278 279 278 1
278 279 299 1
278 298 277 1
278 298 278 5
278 298 297 1
278 299 278 1
278 299 298 6
279 259 224 4
279 259 260 25
279 259 278 34
279 259 279 3
279 260 224 2
279 260 261 32
279 278 258 1
279 278 299 4
279 280 261 2
279 299 279 1
279 299 320 1
279 300 299 6
280 261 226 1
280 261 281 4
280 279 300 2
280 281 261 17
280 300 299 2
280 300 321 2
280 301 281 2
280 301 282 1
280 301 300 1
281 261 262 91
281 261 280 3
281 261 281 2
281 262 281 2
281 262 282 6
281 282 228 1
281 282 262 4
281 282 263 5
281 301 280 1
281 301 281 6
281 301 300 15
281 301 322 13
281 302 281 2
281 302 282 8
281 302 301 5
282 228 229 4
282 228 264 1
282 262 263 2
282 262 281 7
282 262 282 1
282 262 301 10
282 263 228 48
282 263 282 1
282 263 283 2
282 264 263 1
282 281 301 1
282 281 302 1
282 302 281 11
282 302 301 1
282 302 323 1
282 303 282 3
282 303 283 2
282 303 305 1
283 263 264 3
283 263 282 1
283 264 228 9
283 264 229 2
283 282 302 1
283 303 282 7
283 303 283 19
283 303 324 2
283 303 326 3
283 305 303 2
283 324 323 1
284 306 304 2
285 286 266 7
285 286 287 3
285 304 293 1
285 306 304 1
285 306 327 60
285 307 285 22
285 307 286 6
285 307 306 7
285 327 304 30
286 265 266 3
286 266 286 1
286 266 287 7
286 285 306 2
286 285 307 21
286 285 327 1
286 287 266 39
286 287 267 18
286 307 285 79
286 307 286 4
286 307 306 7
286 307 327 3
286 307 329 1
286 308 287 2
286 308 307 30
286 308 329 13
287 266 232 1
287 266 267 50
287 266 286 24
287 266 287 1
287 267 233 2
287 267 268 3
287 267 288 23
287 286 285 9
287 286 308 23
287 288 268 1
287 288 289 2
287 308 286 6
287 308 287 2
287 308 307 1
287 308 329 4
287 309 288 3
287 309 330 3
288 267 268 5
288 267 287 27
288 268 233 1
288 268 234 1
288 268 269 4
288 268 289 9
288 287 266 1
288 289 268 9
288 289 269 1
288 289 288 2
288 309 287 4
288 309 288 1
288 309 330 4
288 310 289 7
289 268 269 4
289 268 288 18
289 269 235 5
289 269 289 1
289 269 290 5
289 288 267 1
289 288 309 2
289 288 310 1
289 290 269 24
289 310 288 19
289 310 289 12
289 310 331 1
289 311 289 1
289 311 290 6
289 311 291 1
289 311 310 5
290 269 235 1
290 269 270 14
290 269 289 16
290 270 236 3
290 270 290 2
290 270 291 2
290 289 290 1
290 289 311 4
290 291 270 233
290 291 271 39
290 291 274 18
290 291 290 10
290 291 311 6
290 311 269 1
290 311 289 30
290 311 290 77
290 311 332 10
290 311 333 37
290 312 290 1
290 312 311 40
290 312 332 1
290 312 333 1
291 270 236 145
291 270 271 122
291 270 290 2
291 270 291 1
291 270 311 1
291 271 236 1
291 271 237 5
291 271 274 37
291 274 255 20
291 274 271 55
291 274 275 1
291 274 291 1
291 274 294 1
291 290 270 1
291 290 291 1
291 290 311 64
291 290 312 1
291 294 274 1
291 294 291 1
291 294 312 9
291 311 289 25
291 311 290 8
291 312 290 3
291 312 291 1
292 272 254 2
292 272 273 1
292 272 292 3
292 272 293 27
292 272 416 38
292 293 272 1
292 293 292 6
292 293 304 1
292 293 314 1
292 313 292 3
292 313 416 1
292 314 313 9
292 416 272 29
292 416 313 3
293 272 292 73
293 273 304 15
293 292 272 3
293 292 293 1
293 292 313 1
293 292 416 1
293 304 293 1
293 304 325 12
293 314 335 1
293 325 304 3
294 274 255 3
294 274 271 1
294 291 271 1
294 291 274 60
294 291 294 2
294 291 312 4
294 295 274 57
294 312 315 12
294 315 294 8
294 315 312 4
294 315 337 1
294 316 294 2
294 316 295 7
294 316 315 10
294 316 337 1
295 274 255 3
295 274 275 52
295 274 294 1
295 275 295 1
295 275 296 1
295 294 316 3
295 296 275 162
295 296 276 2
295 296 295 2
295 316 294 6
295 316 295 2
295 316 336 1
295 316 337 7
295 317 295 4
295 317 296 1
295 317 316 14
295 317 337 2
295 317 338 17
295 337 315 9
296 275 276 225
296 275 296 1
296 276 256 5
296 276 275 1
296 276 297 4
296 295 296 1
296 295 316 6
296 295 317 36
296 297 276 7
296 297 277 2
296 317 295 21
296 317 296 6
296 317 316 49
296 317 337 18
296 317 338 6
296 318 296 9
296 318 297 77
296 318 317 9
296 318 339 43
297 258 278 1
297 276 257 1
297 276 275 1
297 276 277 17
297 276 296 4
297 276 297 1
297 277 257 106
297 277 258 50
297 277 276 2
297 277 278 1
297 277 297 11
297 277 298 27
297 296 318 66
297 298 277 66
297 298 278 1
297 318 296 65
297 318 297 17
297 318 317 4
297 318 339 6
297 318 340 1
297 319 297 2
297 319 298 98
297 319 318 28
297 319 320 2
297 319 340 3
297 339 317 1
298 277 258 24
298 277 278 14
298 277 297 15
298 277 298 3
298 278 258 1
298 278 259 3
298 278 279 4
298 278 298 3
298 278 299 4
298 297 298 1
298 297 318 3
298 297 319 27
298 299 278 27
298 299 298 2
298 299 320 2
298 319 297 67
298 319 298 6
298 319 318 2
298 319 340 10
298 320 298 1
298 320 299 82
298 320 319 3
298 340 318 1
299 278 279 27
299 278 298 3
299 279 259 1
299 298 297 1
299 298 320 7
299 300 279 6
299 300 280 1
299 320 298 80
299 320 299 13
299 320 319 7
299 320 341 4
299 320 342 1
299 321 300 82
299 321 320 2
299 321 342 1
300 279 280 3
300 279 299 1
300 279 300 2
300 280 301 3
300 299 320 8
300 301 280 17
300 301 281 14
300 301 300 2
300 301 302 4
300 301 322 2
300 321 299 74
300 321 300 9
300 321 320 3
300 321 342 2
300 322 300 1
300 322 301 7
300 322 321 10
300 322 343 3
301 262 282 17
301 280 281 18
301 280 300 4
301 280 301 1
301 281 261 63
301 281 262 4
301 281 280 1
301 281 282 3
301 281 301 1
301 281 302 17
301 282 228 2
301 282 262 1
301 282 263 18
301 282 264 1
301 300 321 40
301 300 322 5
301 302 281 13
301 302 282 2
301 302 301 4
301 322 300 11
301 322 301 10
301 322 321 3
301 322 343 36
301 322 344 2
301 322 365 1
301 323 301 5
301 323 302 1
301 323 322 8
301 323 344 5
301 343 322 1
302 281 261 1
302 281 262 1
302 281 282 6
302 281 301 23
302 281 302 2
302 282 262 1
302 282 303 7
302 301 300 1
302 301 302 1
302 301 322 2
302 301 323 13
302 303 282 1
302 323 301 6
302 323 322 1
302 324 303 1
302 324 323 2
303 282 283 1
303 282 302 11
303 283 263 2
303 283 264 11
303 283 303 15
303 283 305 3
303 283 324 1
303 305 283 6
303 305 303 1
303 324 302 1
303 324 303 1
303 324 323 3
303 326 324 8
304 273 293 51
304 284 306 3
304 293 272 28
304 293 292 1
304 293 325 2
304 306 285 2
304 306 304 1
304 325 304 97
304 325 346 1
304 327 285 7
304 327 304 1
304 327 306 11
304 327 307 8
304 327 325 2
305 283 303 5
305 303 324 1
305 303 326 2
306 285 286 2
306 285 307 7
306 304 273 1
306 304 306 2
306 307 285 4
306 307 286 4
306 327 304 63
306 327 348 3
306 328 327 2
307 285 286 9
307 285 304 1
307 285 306 62
307 285 307 2
307 285 327 31
307 286 285 2
307 286 307 7
307 286 308 21
307 304 273 1
307 306 307 1
307 306 327 11
307 306 328 2
307 308 286 127
307 308 287 10
307 308 307 3
307 327 304 3
307 328 327 1
307 328 350 1
307 329 308 1
307 329 328 23
307 329 350 13
308 286 287 82
308 286 307 102
308 287 266 15
308 287 267 6
308 287 288 2
308 287 309 5
308 307 285 2
308 307 286 1
308 307 329 33
308 309 287 1
308 329 308 2
308 329 328 2
308 329 350 13
308 330 309 2
308 330 329 1
309 287 308 12
309 287 309 1
309 288 267 1
309 288 289 4
309 288 310 5
309 330 308 1
309 330 309 18
309 330 331 1
309 330 352 2
309 331 330 3
309 331 352 1
310 288 289 9
310 288 309 11
310 289 268 1
310 289 269 2
310 289 288 1
310 289 311 7
310 311 289 25
310 332 311 2
310 332 331 7
310 332 353 2
311 269 235 1
311 270 271 1
311 289 268 2
311 289 269 1
311 289 290 27
311 289 310 33
311 289 311 1
311 290 269 6
311 290 291 19
311 290 311 37
311 290 312 40
311 291 271 1
311 310 332 9
311 312 290 283
311 332 310 2
311 332 311 5
311 332 331 2
311 332 353 6
311 333 311 4
311 333 312 2
311 333 332 88
312 290 269 1
312 290 270 3
312 290 291 272
312 290 311 8
312 291 271 3
312 294 291 59
312 311 333 38
312 315 294 11
312 315 312 4
312 315 316 1
312 315 333 13
312 315 336 1
312 333 311 9
312 333 354 4
313 292 272 1
313 292 314 3
313 292 416 2
313 314 292 24
313 335 314 1
313 335 334 9
313 416 292 3
313 416 313 1
314 292 272 10
314 292 293 6
314 292 416 4
314 293 273 1
314 293 325 1
314 313 335 9
314 335 313 2
314 335 314 4
314 335 334 1
314 335 356 2
314 335 367 1
314 346 314 1
314 346 325 8
314 346 335 1
315 294 274 6
315 294 291 5
315 294 295 1
315 294 315 2
315 294 316 17
315 312 291 1
315 312 294 54
315 312 315 2
315 312 333 7
315 316 294 59
315 316 315 1
315 316 317 1
315 333 332 1
315 333 336 12
315 333 354 4
315 336 315 2
315 336 333 125
315 336 354 1
315 336 357 3
315 337 295 1
315 337 315 3
315 337 316 52
315 337 317 81
315 337 336 15
315 354 352 1
316 294 274 1
316 294 295 56
316 294 315 10
316 294 316 2
316 295 275 1
316 295 296 1
316 295 316 1
316 295 317 4
316 315 316 1
316 315 336 4
316 315 337 9
316 317 295 7
316 317 296 24
316 317 316 2
316 317 318 5
316 317 338 1
316 336 333 1
316 337 315 81
316 337 316 2
316 337 317 2
316 338 316 1
316 338 317 10
316 338 337 1
316 338 359 6
317 275 276 1
317 295 296 172
317 295 316 12
317 295 317 1
317 295 337 8
317 296 275 72
317 296 276 5
317 296 297 1
317 296 317 1
317 296 318 92
317 316 315 5
317 316 337 64
317 316 338 6
317 318 296 11
317 318 297 14
317 318 317 1
317 337 315 30
317 338 316 17
317 338 317 8
317 338 359 33
317 338 360 2
317 339 317 1
317 339 318 10
317 339 338 7
317 339 360 11
318 296 297 7
318 296 317 107
318 296 318 2
318 297 276 14
318 297 277 145
318 297 298 4
318 297 319 122
318 317 295 1
318 317 316 2
318 317 337 2
318 317 338 1
318 317 339 11
318 319 297 96
318 319 298 7
318 319 318 1
318 319 320 1
318 339 317 12
318 339 318 216
318 339 338 2
318 339 360 50
318 340 318 1
318 340 319 19
318 340 320 1
318 340 339 31
319 297 277 17
319 297 298 67
319 297 318 82
319 297 319 4
319 297 339 1
319 298 277 2
319 298 278 4
319 298 299 9
319 298 320 94
319 318 297 1
319 318 319 4
319 318 339 3
319 318 340 30
319 320 298 21
319 320 299 12
319 320 319 10
319 340 318 17
319 340 319 7
319 340 339 3
319 340 341 1
319 340 361 8
319 340 362 1
319 341 320 8
319 341 340 5
319 341 361 1
319 341 362 6
319 361 339 1
320 298 278 3
320 298 299 31
320 298 319 78
320 298 340 1
320 299 278 9
320 299 279 1
320 299 300 3
320 299 320 7
320 299 321 89
320 319 297 3
320 319 318 3
320 319 340 10
320 319 341 7
320 321 299 25
320 340 318 1
320 341 319 28
320 341 320 9
320 341 340 24
320 341 362 4
320 342 320 1
320 342 321 25
320 342 341 8
320 342 363 3
321 299 300 4
321 299 320 91
321 299 321 2
321 300 280 3
321 300 301 38
321 300 321 10
321 300 322 25
321 320 298 1
321 320 319 1
321 320 342 3
321 322 300 14
321 322 301 1
321 322 323 1
321 342 320 37
321 342 341 2
321 342 363 4
321 343 321 2
321 343 322 8
321 343 342 10
321 343 364 1
322 300 301 16
322 300 321 38
322 300 322 1
322 301 262 18
322 301 280 1
322 301 281 68
322 301 282 16
322 301 300 11
322 301 302 1
322 301 322 6
322 301 323 11
322 321 322 3
322 321 342 4
322 321 343 7
322 323 301 12
322 323 322 2
322 323 343 1
322 343 301 1
322 343 321 6
322 343 322 106
322 343 342 11
322 343 364 6
322 343 365 21
322 344 322 3
322 344 323 3
322 344 343 59
322 359 337 1
322 379 359 1
323 301 302 15
323 301 322 21
323 301 343 1
323 302 324 2
323 322 301 2
323 322 321 1
323 322 343 2
323 322 344 7
323 324 302 2
323 324 303 1
323 324 323 2
323 344 322 8
323 344 323 13
323 344 343 5
323 344 366 10
323 345 303 1
323 345 323 2
323 345 324 2
323 345 344 8
324 302 323 5
324 303 283 2
324 323 301 1
324 323 344 9
324 323 345 1
324 326 303 20
324 345 323 2
324 347 345 8
325 304 273 38
325 304 293 27
325 304 325 1
325 304 327 27
325 327 285 1
325 327 306 2
325 346 314 6
325 346 335 2
325 348 327 11
326 303 283 11
326 303 305 6
326 303 324 2
326 324 347 7
327 285 307 9
327 304 273 12
327 304 293 4
327 304 325 77
327 306 285 7
327 306 307 8
327 306 327 3
327 307 285 1
327 307 286 7
327 325 348 1
327 328 306 1
327 328 327 2
327 348 325 15
327 349 327 1
327 349 328 6
327 349 369 1
328 327 328 1
328 327 348 2
328 329 307 112
328 329 308 4
328 329 328 1
328 349 327 19
328 349 369 2
328 350 328 2
328 350 329 13
328 350 349 10
328 350 370 25
329 307 286 6
329 307 304 1
329 307 308 151
329 307 328 1
329 308 286 56
329 308 287 18
329 308 329 1
329 308 330 1
329 328 327 2
329 328 349 3
329 328 350 25
329 330 308 3
329 350 328 15
329 350 370 11
329 350 371 1
329 351 350 1
330 308 309 1
330 308 329 1
330 308 330 2
330 309 287 8
330 309 288 8
330 309 330 5
330 309 331 4
330 329 350 1
330 331 309 8
330 331 330 4
330 351 350 1
330 351 371 2
330 352 331 4
330 352 351 2
330 352 372 1
330 371 350 1
331 309 288 1
331 309 330 12
331 330 309 3
331 330 351 1
331 330 352 2
331 332 310 19
331 332 311 1
331 332 331 1
331 352 330 6
331 352 331 1
331 352 351 95
331 352 371 1
331 352 372 10
331 353 331 12
331 353 332 57
331 353 352 5
331 353 373 2
331 372 351 1
332 310 311 32
332 310 332 1
332 311 270 1
332 311 289 9
332 311 290 4
332 311 312 1
332 311 333 7
332 331 352 6
332 331 353 6
332 333 311 236
332 333 312 12
332 333 315 1
332 333 332 9
332 333 354 3
332 353 331 103
332 353 332 19
332 353 352 36
332 353 372 2
332 353 373 3
332 353 374 4
332 354 332 37
332 354 333 89
332 354 353 77
332 373 352 1
333 290 270 1
333 311 312 289
333 311 332 5
333 311 333 4
333 312 290 6
333 312 294 4
333 312 311 1
333 312 315 21
333 315 294 1
333 315 312 55
333 315 333 1
333 332 311 1
333 332 353 40
333 332 354 59
333 336 315 123
333 336 333 4
333 336 354 2
333 336 357 4
333 354 332 97
333 354 333 14
333 354 336 1
333 354 353 15
333 354 374 2
334 335 313 28
334 335 314 2
334 335 346 1
334 335 367 1
334 355 334 1
334 355 376 1
334 356 335 4
334 356 355 13
334 416 355 1
335 313 292 2
335 313 314 26
335 313 335 1
335 314 293 1
335 314 335 4
335 314 346 6
335 334 356 12
335 346 314 3
335 356 334 10
335 356 335 2
335 356 355 4
335 356 376 1
335 356 387 1
335 367 335 1
335 367 346 10
335 367 356 7
335 367 387 1
335 376 356 1
336 315 294 5
336 315 312 3
336 315 316 8
336 315 337 128
336 333 315 49
336 333 336 3
336 333 354 140
336 337 315 41
336 337 317 1
336 354 353 1
336 354 357 3
336 357 336 21
336 357 354 15
336 357 374 5
336 357 377 9
336 358 336 2
336 358 337 11
336 358 338 2
336 358 357 17
337 295 317 2
337 315 316 53
337 315 336 131
337 315 337 4
337 315 354 1
337 316 294 1
337 316 317 42
337 316 338 13
337 317 295 9
337 317 296 42
337 317 318 7
337 317 338 8
337 317 339 2
337 336 358 15
337 358 336 22
337 358 337 4
337 358 357 2
337 358 377 1
337 358 378 2
337 359 338 19
337 359 360 1
337 359 379 1
337 359 380 1
337 378 357 1
338 316 317 3
338 316 337 19
338 317 275 1
338 317 295 140
338 317 296 96
338 317 316 1
338 317 318 2
338 317 337 2
338 317 338 6
338 317 339 12
338 337 358 1
338 339 317 21
338 339 318 1
338 359 337 35
338 359 338 207
338 359 358 18
338 359 378 12
338 359 379 27
338 359 380 13
338 360 338 1
338 360 339 37
338 360 359 7
338 360 380 1
338 360 381 1
339 297 298 1
339 317 296 2
339 317 318 18
339 317 338 16
339 317 339 2
339 318 296 19
339 318 297 176
339 318 317 2
339 318 339 103
339 318 340 16
339 338 359 3
339 338 360 7
339 340 318 205
339 340 319 1
339 340 339 3
339 340 341 3
339 360 338 53
339 360 339 11
339 360 359 2
339 360 380 70
339 361 339 7
339 361 340 46
339 361 360 27
339 361 362 1
339 361 381 10
340 318 297 5
340 318 319 108
340 318 339 122
340 318 340 3
340 319 297 8
340 319 298 7
340 319 320 12
340 319 340 2
340 319 341 11
340 320 342 1
340 339 318 3
340 339 340 6
340 339 360 14
340 339 361 33
340 341 319 12
340 341 320 13
340 341 340 4
340 341 342 2
340 341 362 1
340 361 339 38
340 361 340 4
340 361 360 7
340 361 362 1
340 361 381 5
340 362 340 1
340 362 341 32
340 362 361 3
340 362 363 1
340 362 382 3
341 319 320 34
341 319 340 17
341 319 341 1
341 319 361 1
341 320 298 8
341 320 299 9
341 320 321 2
341 320 342 31
341 340 318 4
341 340 319 2
341 340 339 16
341 340 361 12
341 340 362 6
341 342 320 45
341 342 321 4
341 342 341 1
341 361 339 1
341 362 340 44
341 362 341 26
341 362 361 8
341 362 382 3
341 362 383 4
341 363 341 4
341 363 342 27
341 363 362 22
341 363 383 1
342 320 299 5
342 320 321 23
342 320 341 56
342 320 342 8
342 321 299 5
342 321 300 2
342 321 322 8
342 321 343 17
342 341 340 1
342 341 363 13
342 343 321 15
342 343 322 8
342 363 341 35
342 363 342 17
342 363 362 2
342 363 383 4
342 363 384 4
342 364 342 1
342 364 343 4
342 364 363 9
342 364 384 4
343 301 323 1
343 321 300 7
343 321 322 10
343 321 342 32
343 321 343 4
343 322 300 19
343 322 301 65
343 322 323 1
343 322 343 33
343 322 344 57
343 322 379 1
343 342 363 18
343 342 364 13
343 344 322 103
343 344 323 7
343 344 324 1
343 344 343 2
343 363 341 2
343 364 342 10
343 364 343 2
343 364 363 5
343 364 384 10
343 364 385 1
343 365 343 5
343 365 364 93
343 365 385 5
344 322 300 1
344 322 301 39
344 322 323 14
344 322 343 61
344 323 301 5
344 323 324 2
344 323 344 10
344 323 345 10
344 324 323 1
344 343 321 1
344 343 342 2
344 343 364 6
344 343 365 64
344 345 323 18
344 345 344 1
344 365 344 2
344 366 365 28
345 303 283 1
345 323 324 5
345 323 344 15
345 323 345 2
345 324 326 2
345 344 322 1
345 344 365 1
345 344 366 4
345 347 324 16
345 366 344 1
345 366 345 1
345 366 386 8
346 314 335 7
346 314 346 2
346 325 304 2
346 325 327 1
346 325 348 8
346 335 367 3
346 348 346 1
346 367 335 27
346 367 356 2
346 368 348 10
346 368 367 3
347 324 326 18
347 324 345 1
347 345 366 8
348 325 327 3
348 325 346 9
348 325 348 1
348 327 306 4
348 327 349 7
348 368 346 45
348 368 348 1
348 368 367 2
348 368 388 2
348 369 349 21
349 327 328 3
349 327 348 14
349 328 329 2
349 328 350 8
349 350 328 24
349 350 329 4
349 350 349 1
349 369 348 57
349 369 349 4
349 369 368 3
349 369 389 5
349 370 349 1
349 370 350 36
349 370 369 25
349 370 390 1
350 328 329 120
350 328 349 21
350 328 350 18
350 329 307 45
350 329 308 81
350 329 350 1
350 349 369 1
350 349 370 10
350 351 329 5
350 351 352 1
350 370 349 89
350 370 350 330
350 370 369 8
350 370 371 1
350 370 390 3
350 371 350 12
350 371 351 86
350 371 352 1
350 371 370 70
350 371 391 9
350 416 350 2
350 416 372 1
351 329 330 4
351 350 370 3
351 350 371 2
351 352 330 14
351 352 331 48
351 352 351 4
351 352 353 36
351 352 372 1
351 371 350 149
351 371 370 3
351 371 391 6
351 372 331 1
351 372 351 4
351 372 352 44
351 372 371 3
351 372 392 1
352 330 309 3
352 330 331 12
352 330 351 1
352 330 352 5
352 330 371 1
352 331 309 5
352 331 332 3
352 331 352 1
352 331 353 70
352 350 370 1
352 351 350 1
352 351 352 3
352 351 371 144
352 351 372 5
352 353 331 5
352 353 332 54
352 371 350 2
352 372 351 12
352 372 352 18
352 372 371 5
352 372 392 4
352 373 353 11
352 373 372 2
352 373 393 1
353 331 332 21
353 331 352 122
353 331 353 10
353 331 372 1
353 332 310 11
353 332 311 13
353 332 333 15
353 332 353 15
353 332 354 122
353 332 373 1
353 352 351 41
353 352 372 2
353 352 373 1
353 354 332 22
353 354 333 6
353 354 353 2
353 354 374 1
353 372 351 1
353 372 352 1
353 373 352 15
353 373 353 7
353 373 393 1
353 373 394 1
353 374 353 1
353 374 354 1
353 374 373 100
353 374 394 5
354 332 311 1
354 332 333 250
354 332 353 117
354 332 354 9
354 333 290 1
354 333 311 38
354 333 312 12
354 333 315 9
354 333 336 122
354 333 354 2
354 336 315 4
354 336 333 16
354 352 350 1
354 353 332 1
354 353 354 2
354 353 373 16
354 353 374 88
354 357 336 1
354 357 374 2
354 357 377 4
354 373 352 1
354 374 353 2
354 374 354 28
354 374 373 12
355 334 335 1
355 334 355 1
355 334 356 1
355 356 334 27
355 356 335 1
355 375 416 4
355 376 355 3
355 376 356 4
355 376 375 16
355 376 396 1
356 334 335 30
356 334 355 2
356 334 356 5
356 335 314 1
356 335 356 1
356 335 367 12
356 355 375 2
356 355 376 17
356 367 335 10
356 376 355 8
356 376 356 2
356 387 367 4
356 387 376 6
356 387 407 3
357 336 315 10
357 336 333 40
357 336 357 12
357 336 358 10
357 354 332 3
357 354 333 3
357 354 336 21
357 354 374 41
357 358 336 13
357 358 337 3
357 358 357 2
357 358 360 1
357 374 373 2
357 374 377 3
357 374 393 1
357 377 357 15
357 377 374 68
357 377 394 9
357 377 397 15
357 378 337 4
357 378 357 1
357 378 358 35
357 378 359 11
357 378 377 22
357 378 398 12
358 336 337 44
358 336 357 31
358 336 358 8
358 337 295 1
358 337 315 30
358 337 316 4
358 337 317 1
358 337 358 2
358 337 359 20
358 338 316 1
358 338 317 1
358 357 358 1
358 357 377 4
358 357 378 20
358 359 338 4
358 359 358 1
358 359 360 3
358 359 378 1
358 360 362 1
358 377 397 1
358 378 357 64
358 378 358 7
358 378 377 2
358 379 358 1
358 379 359 48
359 322 359 1
359 337 301 1
359 337 358 35
359 337 378 2
359 338 317 249
359 338 339 2
359 338 359 184
359 338 360 33
359 358 337 2
359 358 357 1
359 358 378 20
359 358 379 1
359 360 338 51
359 360 339 7
359 360 359 18
359 360 361 1
359 378 357 14
359 378 358 2
359 379 358 37
359 379 359 16
359 379 400 26
359 380 359 2
359 380 360 37
359 380 379 35
360 338 317 4
360 338 339 20
360 338 359 91
360 338 360 4
360 339 317 1
360 339 318 3
360 339 340 9
360 339 360 1
360 339 361 42
360 359 338 18
360 359 358 1
360 359 378 2
360 359 380 9
360 361 339 314
360 361 340 11
360 361 362 3
360 362 363 1
360 380 359 16
360 380 360 80
360 380 381 1
360 380 400 8
360 380 401 53
360 381 361 19
360 381 362 1
360 381 380 35
360 381 382 2
360 381 401 23
360 400 379 1
361 339 318 105
361 339 340 197
361 339 360 52
361 339 361 10
361 340 318 17
361 340 319 12
361 340 339 1
361 340 341 12
361 340 362 40
361 360 361 7
361 360 380 10
361 360 381 29
361 362 340 9
361 362 341 6
361 362 361 2
361 381 360 24
361 381 361 16
361 381 380 10
361 381 401 18
361 381 402 2
361 382 361 1
361 382 362 20
361 382 381 3
361 382 402 3
362 340 319 2
362 340 341 19
362 340 361 37
362 340 362 2
362 341 319 9
362 341 320 16
362 341 340 2
362 341 342 1
362 341 362 16
362 341 363 39
362 361 339 2
362 361 360 5
362 361 381 7
362 361 382 5
362 363 341 81
362 363 342 2
362 363 364 1
362 382 361 26
362 382 362 2
362 382 381 9
362 382 401 1
362 382 402 3
362 383 362 1
362 383 363 17
362 383 382 32
362 383 403 2
363 341 319 1
363 341 340 1
363 341 342 47
363 341 362 70
363 341 363 7
363 342 320 4
363 342 321 8
363 342 343 13
363 342 363 17
363 342 364 10
363 362 340 1
363 362 361 1
363 362 383 24
363 364 342 23
363 364 343 2
363 364 363 3
363 364 384 2
363 383 362 45
363 383 363 1
363 383 382 7
363 383 403 3
363 384 363 1
363 384 364 7
363 384 383 26
363 384 404 4
364 342 343 16
364 342 363 18
364 342 364 1
364 343 321 3
364 343 322 8
364 343 342 1
364 343 344 4
364 343 365 7
364 363 342 1
364 363 364 1
364 363 383 14
364 363 384 15
364 365 343 144
364 365 364 1
364 384 363 24
364 384 364 28
364 384 383 13
364 384 404 6
364 384 405 2
364 385 364 12
364 385 365 14
364 385 384 108
364 385 405 10
365 343 322 18
365 343 344 112
365 343 364 4
365 344 323 1
365 344 366 1
365 364 363 3
365 364 384 1
365 364 385 90
365 366 344 32
365 366 345 1
365 385 364 20
365 385 365 2
365 385 384 1
365 385 405 7
365 385 406 1
365 386 365 2
365 386 366 24
365 386 385 46
366 344 323 9
366 344 345 18
366 344 365 1
366 344 366 4
366 345 347 18
366 365 385 10
366 365 386 19
366 385 364 1
366 386 365 11
367 335 313 1
367 335 314 4
367 335 346 5
367 335 356 21
367 335 367 1
367 335 376 1
367 346 368 10
367 356 376 1
367 356 387 6
367 368 348 4
367 368 367 1
367 387 356 3
367 387 367 1
367 388 368 3
367 388 387 6
368 346 348 1
368 346 367 40
368 346 368 2
368 348 325 1
368 348 327 1
368 348 349 1
368 348 369 20
368 367 387 5
368 367 388 5
368 369 349 1
368 369 370 1
368 369 389 1
368 388 367 2
368 388 368 2
368 388 409 1
368 389 368 1
369 348 368 56
369 349 327 1
369 349 328 4
369 349 369 1
369 349 370 27
369 368 367 7
369 370 349 38
369 370 350 3
369 370 369 3
369 389 369 6
369 389 410 9
369 390 369 1
369 390 370 4
369 390 389 31
369 416 369 4
370 349 350 29
370 349 369 69
370 349 370 18
370 350 328 125
370 350 329 128
370 350 351 3
370 350 370 1
370 350 371 104
370 369 348 3
370 369 368 3
370 369 389 1
370 369 390 29
370 371 350 264
370 371 351 3
370 371 370 4
370 371 391 1
370 390 369 12
370 390 370 2
370 390 411 7
370 391 371 22
370 391 390 51
370 391 412 5
371 350 329 2
371 350 351 4
371 350 370 451
371 350 371 65
371 350 416 1
371 351 350 1
371 351 352 66
371 351 372 39
371 352 331 1
371 370 349 1
371 370 371 1
371 370 390 2
371 370 391 77
371 372 351 51
371 372 352 1
371 372 353 1
371 391 370 171
371 391 371 125
371 391 390 2
371 391 392 3
371 391 412 8
371 392 372 8
371 392 391 47
371 392 413 1
371 412 391 1
372 331 353 1
372 351 350 1
372 351 352 42
372 351 371 19
372 351 372 6
372 352 331 23
372 352 351 13
372 352 353 29
372 352 371 1
372 352 372 4
372 352 373 8
372 369 416 1
372 371 350 1
372 371 392 9
372 373 352 6
372 373 372 1
372 392 371 12
372 392 372 8
372 392 391 12
372 392 412 2
372 393 372 4
372 393 373 17
372 393 374 1
372 393 392 11
372 393 414 4
373 352 353 4
373 352 372 18
373 352 373 6
373 353 331 13
373 353 332 9
373 353 352 1
373 353 354 12
373 353 374 6
373 354 336 1
373 372 351 1
373 372 392 2
373 372 393 3
373 374 333 1
373 374 353 26
373 374 354 5
373 374 357 1
373 374 373 2
373 393 372 19
373 393 373 19
373 393 392 11
373 393 414 5
373 393 415 1
373 394 373 1
373 394 374 24
373 394 377 1
373 394 393 39
373 394 414 1
373 394 415 71
373 415 37 1
374 333 336 1
374 353 332 14
374 353 354 23
374 353 373 3
374 353 374 1
374 354 332 175
374 354 333 60
374 354 353 1
374 354 357 5
374 354 374 4
374 357 336 6
374 357 354 33
374 373 353 1
374 373 393 17
374 373 394 110
374 373 415 1
374 377 357 27
374 377 374 1
374 377 394 5
374 377 397 1
374 393 372 1
374 394 373 20
374 394 374 22
374 394 393 19
374 394 414 3
374 394 415 8
375 355 356 3
375 355 376 6
375 376 355 28
375 395 17 4
375 395 416 5
375 396 17 1
375 396 375 2
375 396 376 6
375 396 395 11
375 416 313 1
375 416 334 1
375 416 375 1
376 355 334 1
376 355 356 32
376 355 375 3
376 356 334 2
376 356 335 2
376 356 387 5
376 375 395 1
376 375 396 14
376 387 356 19
376 396 375 6
376 407 387 6
376 407 396 3
377 357 336 40
377 357 354 22
377 357 358 5
377 357 377 1
377 357 378 57
377 374 354 3
377 374 357 35
377 374 377 4
377 374 394 81
377 378 357 42
377 378 358 14
377 378 377 1
377 394 373 1
377 394 393 5
377 394 397 11
377 394 415 2
377 397 19 12
377 397 20 10
377 397 377 71
377 397 394 54
377 397 415 7
377 398 20 25
377 398 377 7
377 398 378 15
377 398 397 52
378 337 359 4
378 357 336 11
378 357 358 12
378 357 377 100
378 357 378 11
378 358 336 36
378 358 337 37
378 358 357 1
378 358 359 6
378 358 378 1
378 358 379 50
378 359 338 7
378 359 360 2
378 374 354 1
378 377 374 1
378 377 398 25
378 379 358 8
378 398 20 13
378 398 377 23
378 398 378 14
378 398 397 2
378 399 379 27
378 399 398 1
379 358 337 3
379 358 359 2
379 358 378 48
379 358 379 2
379 359 322 1
379 359 338 48
379 359 360 7
379 359 379 10
379 359 380 48
379 377 357 1
379 380 359 244
379 399 21 1
379 399 378 19
379 400 22 4
379 400 380 28
379 400 399 73
380 359 338 169
380 359 360 66
380 359 379 30
380 359 380 4
380 360 338 7
380 360 339 1
380 360 361 15
380 360 380 51
380 360 381 47
380 379 399 1
380 379 400 34
380 381 360 261
380 381 361 16
380 381 380 2
380 381 382 5
380 400 22 4
380 400 23 3
380 400 379 20
380 400 380 6
380 400 399 1
380 401 22 3
380 401 23 1
380 401 380 3
380 401 381 9
380 401 382 1
380 401 400 102
381 23 400 3
381 339 318 1
381 360 338 1
381 360 339 3
381 360 361 315
381 360 380 16
381 360 381 7
381 360 400 1
381 361 339 12
381 361 340 23
381 361 360 1
381 361 362 11
381 361 381 9
381 361 382 27
381 362 341 2
381 380 381 7
381 380 400 12
381 380 401 34
381 382 361 7
381 382 362 8
381 382 381 5
381 382 402 1
381 401 23 40
381 401 380 11
381 401 381 4
381 401 400 39
381 402 23 1
381 402 24 6
381 402 381 2
381 402 382 4
381 402 401 2
382 24 45 1
382 24 401 1
382 361 362 7
382 361 381 40
382 362 340 7
382 362 341 10
382 362 363 2
382 362 383 24
382 381 23 1
382 381 360 4
382 381 361 2
382 381 380 5
382 381 401 3
382 381 402 11
382 383 362 97
382 383 363 2
382 401 380 1
382 402 23 6
382 402 24 2
382 402 381 31
382 402 382 32
382 402 401 88
382 403 25 20
382 403 382 6
382 403 383 8
382 403 402 13
383 362 341 10
383 362 363 95
383 362 382 41
383 362 383 4
383 363 341 1
383 363 342 3
383 363 364 5
383 363 383 1
383 363 384 13
383 382 361 1
383 382 381 3
383 382 403 36
383 384 363 35
383 384 364 6
383 384 385 4
383 384 404 1
383 403 25 8
383 403 382 75
383 403 383 5
383 403 401 1
383 403 402 9
383 404 26 5
383 404 383 4
383 404 384 8
383 404 403 21
384 363 342 12
384 363 364 23
384 363 383 27
384 363 384 6
384 364 342 4
384 364 343 10
384 364 363 1
384 364 365 4
384 364 384 4
384 364 385 24
384 383 403 21
384 383 404 28
384 385 364 170
384 385 365 2
384 385 384 1
384 404 26 11
384 404 383 38
384 404 384 3
384 404 403 1
384 405 25 1
384 405 27 5
384 405 384 72
384 405 385 43
384 405 404 96
385 364 343 2
385 364 365 149
385 364 384 44
385 364 385 6
385 365 343 7
385 365 366 3
385 365 385 3
385 365 386 12
385 384 383 2
385 384 404 26
385 384 405 94
385 386 365 83
385 386 385 2
385 405 27 10
385 405 28 1
385 405 384 14
385 405 385 8
385 405 404 1
385 406 28 7
385 406 385 29
385 406 386 1
385 406 405 71
386 365 344 1
386 365 366 33
386 365 385 11
386 365 386 36
386 366 345 17
386 366 386 2
386 385 364 1
386 385 384 1
386 385 406 52
386 408 386 2
387 356 367 10
387 356 376 10
387 356 387 1
387 367 335 1
387 367 368 2
387 367 388 2
387 376 407 5
387 407 29 4
387 407 376 13
387 407 387 5
387 409 387 2
387 409 388 2
387 409 407 8
388 367 368 2
388 367 387 1
388 368 346 1
388 368 348 7
388 368 369 3
388 368 388 1
388 387 409 9
388 389 368 6
388 389 388 1
388 409 29 1
388 409 31 2
388 409 387 24
388 409 388 4
388 409 407 22
388 409 410 1
388 410 388 2
388 410 389 12
388 410 409 7
388 410 411 4
389 368 388 4
389 368 389 1
389 369 368 3
389 390 369 52
389 390 370 1
389 410 32 1
389 410 388 51
389 410 389 2
389 410 409 37
389 411 33 2
389 411 389 8
389 411 390 22
389 411 410 25
390 369 349 1
390 369 370 48
390 369 389 9
390 369 390 3
390 370 349 8
390 370 350 9
390 370 371 6
390 370 390 1
390 370 391 7
390 389 410 3
390 389 411 32
390 391 370 128
390 391 371 1
390 391 390 1
390 411 33 10
390 411 389 81
390 411 390 5
390 411 410 39
390 411 412 1
390 412 34 1
390 412 390 22
390 412 391 23
390 412 392 2
390 412 411 48
390 412 413 1
391 370 371 295
391 370 390 11
391 371 350 102
391 371 351 19
391 371 370 1
391 371 372 1
391 371 391 2
391 371 392 43
391 390 411 2
391 390 412 53
391 392 371 357
391 392 372 9
391 392 391 19
391 392 393 5
391 392 412 5
391 392 413 1
391 412 34 7
391 412 35 3
391 412 390 87
391 412 391 69
391 412 411 17
391 413 34 1
391 413 35 7
391 413 391 9
391 413 392 69
391 413 412 18
391 413 414 9
391 414 36 1
392 371 372 57
392 371 391 322
392 371 392 1
392 372 351 2
392 372 352 5
392 372 373 1
392 372 392 5
392 372 393 22
392 391 370 1
392 391 390 2
392 391 392 1
392 391 412 32
392 391 413 63
392 391 414 1
392 393 372 17
392 393 373 6
392 393 392 9
392 412 34 1
392 412 390 14
392 413 35 1
392 413 36 5
392 413 391 449
392 413 392 33
392 413 412 2
392 413 414 2
392 414 392 9
392 414 393 41
392 414 413 114
393 372 351 1
393 372 352 3
393 372 373 8
393 372 392 25
393 372 393 10
393 373 352 1
393 373 353 25
393 373 354 1
393 373 374 14
393 373 393 17
393 373 394 22
393 374 354 1
393 374 373 1
393 392 391 6
393 392 412 3
393 392 414 25
393 394 373 25
393 394 374 10
393 394 393 9
393 394 415 2
393 414 36 1
393 414 392 23
393 414 393 12
393 414 413 17
393 415 36 4
393 415 37 27
393 415 393 2
393 415 394 22
393 415 414 24
394 354 311 1
394 373 353 1
394 373 374 23
394 373 393 25
394 373 394 2
394 374 353 15
394 374 354 229
394 374 357 2
394 374 373 5
394 374 377 31
394 374 394 5
394 377 357 13
394 377 374 51
394 393 36 1
394 393 373 8
394 393 394 1
394 393 414 31
394 393 415 38
394 397 19 4
394 397 377 12
394 397 394 5
394 397 415 12
394 414 78 1
394 414 392 4
394 415 36 19
394 415 37 88
394 415 374 1
394 415 393 9
394 415 394 263
394 415 414 27
395 17 38 15
395 17 39 1
395 17 395 27
395 17 416 36
395 18 17 2
395 18 29 2
395 18 39 1
395 18 395 3
395 18 396 36
395 375 355 4
395 375 376 2
395 375 396 6
395 375 416 5
395 396 375 24
395 416 17 1
395 416 334 1
395 416 375 6
395 416 395 2
396 17 416 1
396 18 17 12
396 18 39 1
396 18 395 92
396 18 396 6
396 29 18 4
396 29 31 1
396 29 396 2
396 29 407 46
396 375 376 30
396 375 395 7
396 376 355 2
396 376 356 3
396 376 407 4
396 395 17 3
396 395 18 6
396 407 376 21
397 19 37 86
397 19 40 22
397 19 41 1
397 19 58 1
397 19 397 13
397 19 415 303
397 20 19 39
397 20 21 3
397 20 41 8
397 20 397 9
397 20 398 2
397 377 357 61
397 377 374 5
397 377 397 45
397 377 398 23
397 394 374 9
397 394 377 58
397 394 397 3
397 394 415 232
397 398 377 57
397 398 397 1
397 415 19 11
397 415 37 3
397 415 393 1
397 415 394 1
397 415 397 1
397 415 414 3
398 20 19 9
398 20 21 10
398 20 41 39
398 20 397 416
398 20 398 51
398 21 20 4
398 21 22 9
398 21 398 1
398 21 399 29
398 377 378 25
398 377 397 61
398 377 398 1
398 378 357 17
398 378 358 71
398 378 379 1
398 378 398 7
398 378 399 26
398 397 19 9
398 397 20 44
398 397 377 1
398 399 378 9
398 399 398 1
399 21 20 9
399 21 42 3
399 21 43 13
399 21 398 355
399 21 399 2
399 22 21 27
399 22 23 2
399 22 42 1
399 22 43 20
399 22 399 81
399 22 400 387
399 378 358 2
399 378 379 5
399 378 398 32
399 378 399 1
399 379 359 1
399 379 380 4
399 379 400 24
399 398 20 1
399 398 21 2
399 400 379 303
400 21 20 1
400 22 43 4
400 22 399 314
400 22 400 60
400 23 22 134
400 23 24 1
400 23 43 1
400 23 44 5
400 23 45 1
400 23 400 67
400 23 401 510
400 44 86 1
400 379 359 49
400 379 380 231
400 379 399 17
400 379 400 8
400 380 359 17
400 380 360 10
400 380 381 19
400 380 401 21
400 399 21 25
400 399 22 41
400 399 378 1
400 401 22 1
400 401 380 212
400 401 381 2
400 401 400 2
401 22 399 4
401 23 22 56
401 23 44 14
401 23 45 6
401 23 400 73
401 23 401 36
401 24 23 5
401 24 25 5
401 24 45 7
401 24 46 1
401 24 382 2
401 24 401 3
401 24 402 599
401 24 403 2
401 380 381 264
401 380 400 13
401 380 401 5
401 381 360 53
401 381 361 17
401 381 382 8
401 381 401 1
401 381 402 5
401 382 383 1
401 400 22 144
401 400 23 94
401 400 401 1
401 402 381 28
401 402 382 2
401 402 401 11
402 23 44 1
402 23 400 5
402 23 401 1
402 24 23 65
402 24 44 1
402 24 45 10
402 24 401 71
402 24 402 6
402 25 24 11
402 25 46 71
402 25 402 10
402 25 403 518
402 25 404 10
402 381 23 1
402 381 360 1
402 381 361 13
402 381 382 9
402 381 401 52
402 382 361 2
402 382 362 19
402 382 381 2
402 382 402 14
402 382 403 16
402 401 23 44
402 401 24 3
402 401 380 9
402 401 381 6
402 401 400 72
402 403 382 51
402 403 383 4
402 403 402 3
403 25 24 10
403 25 46 86
403 25 402 96
403 25 403 24
403 26 25 13
403 26 47 22
403 26 403 12
403 26 404 114
403 46 67 1
403 382 24 1
403 382 361 1
403 382 383 106
403 382 402 140
403 382 403 2
403 383 362 8
403 383 363 2
403 383 384 8
403 383 404 10
403 401 23 1
403 402 23 1
403 402 25 18
403 402 381 2
403 402 382 1
403 402 401 6
403 404 26 11
403 404 383 45
403 404 384 177
403 404 403 11
403 404 405 163
404 26 25 10
404 26 47 7
404 26 48 4
404 26 403 135
404 26 404 23
404 27 26 16
404 27 48 9
404 27 404 57
404 27 405 67
404 383 384 37
404 383 403 71
404 383 404 2
404 384 363 3
404 384 364 5
404 384 385 4
404 384 404 1
404 384 405 171
404 403 25 5
404 403 26 31
404 403 404 1
404 405 27 7
404 405 384 107
404 405 385 44
404 405 404 6
405 25 24 1
405 27 26 3
405 27 48 2
405 27 404 58
405 27 405 12
405 28 27 15
405 28 49 69
405 28 405 5
405 28 406 1
405 384 364 2
405 384 385 183
405 384 404 10
405 385 364 9
405 385 365 7
405 385 386 3
405 385 406 73
405 404 26 45
405 404 27 62
405 404 405 1
405 406 385 88
405 406 386 2
405 406 405 1
406 28 27 1
406 28 49 6
406 28 405 10
406 28 406 1
406 30 28 2
406 385 365 1
406 385 386 97
406 385 405 21
406 386 365 1
406 386 408 2
406 405 27 10
406 405 28 67
407 29 18 10
407 29 50 3
407 29 396 139
407 29 407 6
407 31 29 9
407 31 388 2
407 31 407 3
407 31 409 51
407 31 410 2
407 32 33 1
407 376 387 19
407 376 396 7
407 376 407 2
407 387 356 4
407 387 367 1
407 387 407 1
407 387 409 4
407 396 18 4
407 396 29 5
407 409 387 5
407 409 388 4
407 409 407 2
407 409 410 11
408 386 406 2
409 29 396 5
409 31 29 5
409 31 407 100
409 31 409 4
409 32 31 16
409 32 409 6
409 32 410 40
409 387 388 1
409 387 407 22
409 387 409 1
409 388 367 1
409 388 368 9
409 388 410 12
409 407 29 67
409 407 31 9
409 407 376 1
409 407 396 1
409 410 32 2
409 410 388 10
409 410 389 10
409 410 409 9
409 410 411 18
410 32 31 5
410 32 53 6
410 32 409 145
410 32 410 2
410 33 32 17
410 33 410 11
410 33 411 48
410 388 368 1
410 388 389 10
410 388 409 60
410 388 410 9
410 389 390 6
410 389 411 26
410 409 29 4
410 409 31 6
410 409 32 19
410 409 387 1
410 409 388 5
410 409 407 49
410 411 389 51
410 411 390 9
410 411 410 5
410 411 412 10
411 33 32 5
411 33 54 9
411 33 55 7
411 33 410 200
411 33 411 75
411 34 33 42
411 34 55 7
411 34 411 35
411 34 412 47
411 54 32 2
411 389 390 52
411 389 410 100
411 389 411 3
411 390 369 4
411 390 370 27
411 390 391 4
411 390 411 1
411 390 412 31
411 410 32 4
411 410 33 33
411 410 388 18
411 410 409 35
411 412 390 135
411 412 391 6
411 412 411 4
412 34 33 9
412 34 55 1
412 34 411 236
412 34 412 4
412 35 34 11
412 35 36 2
412 35 56 21
412 35 412 1
412 35 413 56
412 390 391 137
412 390 411 144
412 390 412 9
412 391 370 13
412 391 371 29
412 391 392 7
412 391 412 53
412 391 413 37
412 411 33 1
412 411 34 64
412 411 389 7
412 411 410 7
412 413 35 1
412 413 391 27
412 413 392 1
412 413 412 3
412 413 414 1
413 34 55 1
413 35 34 43
413 35 36 1
413 35 55 2
413 35 56 12
413 35 57 1
413 35 77 1
413 35 412 287
413 35 413 3
413 36 35 50
413 36 37 33
413 36 58 4
413 36 393 1
413 36 413 4
413 36 414 134
413 36 415 5
413 371 391 1
413 372 393 1
413 391 371 1
413 391 392 395
413 391 412 100
413 391 413 5
413 392 371 27
413 392 372 3
413 392 393 4
413 392 412 1
413 392 413 28
413 392 414 85
413 393 372 1
413 393 392 1
413 412 34 2
413 412 35 20
413 412 390 3
413 414 392 591
413 414 393 17
413 414 413 40
414 36 35 103
414 36 37 1
414 36 56 1
414 36 58 25
414 36 413 443
414 36 414 9
414 37 36 113
414 37 40 3
414 37 58 8
414 37 414 10
414 37 415 55
414 78 98 1
414 392 393 25
414 392 413 537
414 392 414 53
414 393 372 4
414 393 373 15
414 393 394 21
414 393 414 4
414 393 415 38
414 413 35 26
414 413 36 117
414 413 391 10
414 413 392 2
414 413 414 10
414 415 36 1
414 415 37 1
414 415 393 35
414 415 394 30
414 415 397 2
414 415 414 4
415 19 37 6
415 19 397 3
415 19 415 1
415 36 413 25
415 37 36 114
415 37 40 6
415 37 57 1
415 37 58 74
415 37 78 1
415 37 414 193
415 37 415 3
415 58 37 1
415 374 377 1
415 393 373 13
415 393 394 23
415 393 414 10
415 393 415 3
415 394 291 1
415 394 354 1
415 394 373 4
415 394 374 243
415 394 377 8
415 394 393 2
415 394 397 18
415 394 414 1
415 394 415 90
415 397 377 7
415 397 394 235
415 397 415 2
415 414 36 61
415 414 37 14
415 414 413 1
415 414 415 1
416 1 219 1
416 1 230 1
416 2 220 21
416 3 221 3
416 3 222 10
416 3 416 1
416 4 223 13
416 5 223 1
416 5 224 2
416 6 224 1
416 7 227 3
416 8 228 3
416 9 229 18
416 12 234 7
416 13 235 18
416 14 236 3
416 16 220 1
416 16 237 6
416 17 18 10
416 17 38 6
416 17 395 26
416 17 416 4
416 18 396 1
416 38 17 3
416 38 59 11
416 38 416 5
416 59 38 2
416 101 122 1
416 122 101 1
416 122 144 2
416 122 155 1
416 122 416 20
416 127 128 1
416 143 101 2
416 143 122 184
416 143 134 1
416 143 144 8
416 143 416 2
416 182 163 3
416 182 201 2
416 182 416 1
416 200 182 47
416 200 201 40
416 205 145 1
416 218 416 40
416 220 255 3
416 221 3 27
416 223 5 1
416 223 258 4
416 223 259 1
416 224 6 3
416 224 259 2
416 227 8 2
416 234 12 1
416 234 13 6
416 234 233 1
416 234 235 2
416 235 14 22
416 237 15 16
416 237 271 6
416 238 246 1
416 238 416 7
416 239 201 3
416 239 416 8
416 241 242 10
416 241 416 17
416 242 203 26
416 242 241 19
416 242 243 19
416 242 416 100
416 243 204 1
416 243 205 15
416 243 244 82
416 243 416 26
416 244 205 5
416 244 206 27
416 244 243 3
416 244 416 54
416 246 248 1
416 246 416 9
416 247 248 8
416 248 416 1
416 249 250 1
416 249 416 1
416 250 416 3
416 251 416 1
416 252 253 4
416 254 416 90
416 272 292 7
416 272 416 48
416 292 272 9
416 292 293 3
416 292 313 3
416 292 314 2
416 292 416 2
416 313 292 1
416 313 416 6
416 334 416 2
416 350 416 2
416 355 334 1
416 369 416 4
416 371 350 1
416 372 369 1
416 375 355 4
416 375 416 3
416 395 375 2
416 395 416 4
